user_id,total_minutos,exceso_minutos,total_sms,exceso_sms,total_mb,exceso_mb,costo_extra_minutos,costo_extra_sms,costo_extra_mb
1000,116.83,0.0,11.0,0.0,1901.47,0.0,0.0,0.0,0.0
1001,1640.46,1140.46,207.0,157.0,80437.94,65077.94,34.2138,4.71,635.5267578125
1002,777.13,277.13,88.0,38.0,40293.33,24933.33,8.3139,1.14,243.48955078125
1003,1041.0,541.0,50.0,0.0,27044.14,11684.14,16.23,0.0,114.1029296875
1004,2618.95,2118.95,177.0,127.0,156352.81,140992.81,63.56849999999999,3.81,1376.88291015625
1005,470.22,0.0,11.0,0.0,17140.17,1780.1699999999985,0.0,0.0,17.384472656249983
1006,64.11,0.0,154.0,0.0,34187.19,3467.1900000000023,0.0,0.0,23.701494140625016
1007,2484.15,1984.15,255.0,205.0,143852.74,128492.74,59.5245,6.15,1254.8119140625
1008,1473.31,0.0,84.0,0.0,55473.04,24753.04,0.0,0.0,169.210234375
1009,5589.68,5089.68,0.0,0.0,187237.74,171877.74,152.6904,0.0,1678.4935546875
1010,4788.86,4288.86,0.0,0.0,137342.24,121982.24,128.6658,0.0,1191.2328125
1011,2744.87,0.0,371.0,0.0,131778.6,101058.6,0.0,0.0,690.8302734375001
1012,143.73,0.0,0.0,0.0,25811.97,10451.97,0.0,0.0,102.07001953125
1013,203.37,0.0,16.0,0.0,20113.92,0.0,0.0,0.0,0.0
1014,1199.95,699.95,73.0,23.0,8968.0,0.0,20.9985,0.69,0.0
1015,89.49,0.0,68.0,18.0,17495.12,2135.119999999999,0.0,0.54,20.85078124999999
1016,1562.3,1062.3,95.0,45.0,59359.25,43999.25,31.869,1.35,429.68017578125
1017,1579.81,1079.81,152.0,102.0,95315.32,79955.31999999999,32.394299999999994,3.06,780.813671875
1018,1223.45,723.45,16.0,0.0,41379.43,26019.43,21.7035,0.0,254.09599609375
1019,483.36,0.0,152.0,102.0,31140.68,15780.68,0.0,3.06,154.108203125
1020,881.02,381.02,4.0,0.0,31749.42,16389.420000000002,11.430599999999998,0.0,160.0529296875
1021,378.27,0.0,0.0,0.0,6084.63,0.0,0.0,0.0,0.0
1022,3837.67,3337.67,0.0,0.0,133170.78,117810.78,100.1301,0.0,1150.4958984375
1023,106.79,0.0,11.0,0.0,19088.76,3728.7599999999984,0.0,0.0,36.413671874999984
1024,530.02,30.019999999999985,0.0,0.0,10807.37,0.0,0.9005999999999994,0.0,0.0
1025,0.0,0.0,0.0,0.0,0.0,0.0,0.0,0.0,0.0
1026,335.64,0.0,22.0,0.0,13224.46,0.0,0.0,0.0,0.0
1027,2014.79,1514.79,78.0,28.0,92095.44,76735.44,45.4437,0.84,749.36953125
1028,488.46,0.0,756.0,0.0,0.0,0.0,0.0,0.0,0.0
1029,2611.37,2111.37,50.0,0.0,67200.36,51840.36,63.3411,0.0,506.253515625
1030,1279.24,0.0,30.0,0.0,43516.14,12796.14,0.0,0.0,87.47361328125
1031,2774.77,0.0,14.0,0.0,92871.68,62151.67999999999,0.0,0.0,424.865
1032,1018.81,0.0,42.0,0.0,28759.75,0.0,0.0,0.0,0.0
1033,2402.96,0.0,108.0,0.0,81915.41,51195.41,0.0,0.0,349.968623046875
1034,5.3100000000000005,0.0,4.0,0.0,997.42,0.0,0.0,0.0,0.0
1035,591.96,91.96000000000004,66.0,16.0,15500.04,140.04000000000087,2.758800000000001,0.48,1.3675781250000083
1036,2648.38,0.0,438.0,0.0,78099.96,47379.96000000001,0.0,0.0,323.88644531250003
1037,437.66,0.0,44.0,0.0,14370.44,0.0,0.0,0.0,0.0
1038,1006.29,0.0,255.0,0.0,105265.85,74545.85,0.0,0.0,509.5907714843751
1039,3037.61,37.61000000000013,147.0,0.0,127823.39,97103.39,0.3761000000000012,0.0,663.792705078125
1040,280.93,0.0,0.0,0.0,16961.4,1601.4000000000017,0.0,0.0,15.638671875000014
1041,3474.59,474.59000000000015,0.0,0.0,191599.12,160879.12,4.745900000000002,0.0,1099.759609375
1042,3454.4,2954.4,0.0,0.0,89795.43,74435.43,88.632,0.0,726.9084960937499
1043,1242.27,0.0,599.0,0.0,204237.44,173517.44,0.0,0.0,1186.154375
1044,1096.11,596.1099999999999,160.0,110.0,83106.74,67746.74,17.883299999999995,3.3,661.5892578125
1045,1413.01,913.01,130.0,80.0,51062.25,35702.25,27.3903,2.4,348.65478515625
1046,3312.11,2812.11,238.0,188.0,147555.67,132195.67,84.3633,5.64,1290.9733398437502
1047,349.48,0.0,7.0,0.0,17146.8,0.0,0.0,0.0,0.0
1048,905.25,405.25,0.0,0.0,43302.69,27942.69,12.1575,0.0,272.87783203125
1049,2688.88,2188.88,0.0,0.0,74030.83,58670.83,65.6664,0.0,572.95732421875
1050,3336.07,336.07000000000016,0.0,0.0,155991.0,125271.0,3.360700000000002,0.0,856.3447265625
1051,164.92000000000002,0.0,60.0,10.0,10369.73,0.0,0.0,0.3,0.0
1052,1333.32,833.3199999999999,318.0,268.0,31284.15,15924.15,24.9996,8.04,155.50927734375
1053,2046.21,1546.21,75.0,25.0,97132.25,81772.25,46.3863,0.75,798.55712890625
1054,2103.11,1603.11,246.0,196.0,171648.65,156288.65,48.0933,5.88,1526.25634765625
1055,1814.32,1314.32,608.0,558.0,113585.68,98225.68,39.42959999999999,16.74,959.23515625
1056,1841.32,1341.32,186.0,136.0,103250.11,87890.11,40.2396,4.08,858.30185546875
1057,3277.49,277.4899999999998,400.0,0.0,91832.66,61112.66,2.774899999999998,0.0,417.76232421875
1058,1148.86,648.8599999999999,55.0,5.0,17019.15,1659.1500000000017,19.4658,0.15,16.202636718750014
1059,6006.06,3006.0600000000004,533.0,0.0,120820.2,90100.2,30.060600000000004,0.0,615.9193359375
1060,3007.15,2507.15,330.0,280.0,107380.33,92020.33,75.2145,8.4,898.63603515625
1061,4660.8,1660.8000000000002,522.0,0.0,171688.77,140968.77,16.608,0.0,963.6537011718748
1062,2335.11,0.0,80.0,0.0,148236.62,117516.62,0.0,0.0,803.33626953125
1063,158.24,0.0,0.0,0.0,20931.24,0.0,0.0,0.0,0.0
1064,3229.99,2729.99,133.0,83.0,112989.09,97629.09,81.8997,2.49,953.40908203125
1065,1925.68,1425.68,100.0,50.0,64225.1,48865.1,42.7704,1.5,477.1982421875
1066,4042.38,3542.38,336.0,286.0,194480.2,179120.2,106.2714,8.58,1749.220703125
1067,1232.88,732.8800000000001,99.0,49.0,60979.41,45619.41,21.986400000000003,1.47,445.50205078125
1068,1716.6,1216.6,0.0,0.0,113393.52,98033.52,36.498,0.0,957.35859375
1069,2005.57,0.0,370.0,0.0,46150.44,15430.440000000002,0.0,0.0,105.48152343750002
1070,297.04,0.0,17.0,0.0,15401.48,41.47999999999956,0.0,0.0,0.4050781249999957
1071,3354.34,2854.34,0.0,0.0,112746.7,97386.7,85.6302,0.0,951.0419921875
1072,2903.36,2403.36,94.0,44.0,164408.85,149048.85,72.1008,1.3199999999999998,1455.55517578125
1073,2472.99,1972.99,0.0,0.0,128858.63,113498.63,59.18969999999999,0.0,1108.38505859375
1074,684.92,0.0,0.0,0.0,11669.33,0.0,0.0,0.0,0.0
1075,647.82,147.82000000000005,244.0,194.0,45642.87,30282.870000000003,4.434600000000001,5.819999999999999,295.73115234375
1076,1770.87,1270.87,740.0,690.0,106836.15,91476.15,38.1261,20.7,893.32177734375
1077,8024.09,5024.09,0.0,0.0,228772.19,198052.19,50.2409,0.0,1353.872392578125
1078,168.7,0.0,68.0,18.0,20678.28,5318.279999999999,0.0,0.54,51.93632812499999
1079,3575.19,3075.19,396.0,346.0,85673.28,70313.28,92.2557,10.38,686.653125
1080,0.0,0.0,265.0,215.0,134284.33,118924.33,0.0,6.45,1161.3704101562498
1081,1775.22,1275.22,231.0,181.0,128554.92,113194.92,38.2566,5.43,1105.419140625
1082,5088.37,4588.37,243.0,193.0,144900.36,129540.36,137.6511,5.79,1265.042578125
1083,892.87,392.87,24.0,0.0,41719.78,26359.78,11.7861,0.0,257.4197265625
1084,1745.18,1245.18,210.0,160.0,56279.67,40919.67,37.3554,4.8,399.60615234375
1085,2020.03,0.0,0.0,0.0,97308.64,66588.64,0.0,0.0,455.19578125
1086,317.22,0.0,74.0,0.0,24775.81,0.0,0.0,0.0,0.0
1087,552.78,52.77999999999997,65.0,15.0,19212.9,3852.9000000000015,1.583399999999999,0.4499999999999999,37.625976562500014
1088,1522.51,0.0,358.0,0.0,116574.92,85854.92,0.0,0.0,586.8988671875
1089,0.0,0.0,27.0,0.0,16597.91,1237.91,0.0,0.0,12.08896484375
1090,2586.73,2086.73,189.0,139.0,141320.23,125960.23,62.6019,4.17,1230.08037109375
1091,796.43,0.0,86.0,0.0,10035.01,0.0,0.0,0.0,0.0
1092,579.09,79.09000000000003,19.0,0.0,22419.61,7059.610000000001,2.372700000000001,0.0,68.94150390625
1093,230.96,0.0,17.0,0.0,4837.79,0.0,0.0,0.0,0.0
1094,1607.34,1107.34,99.0,49.0,54134.32,38774.32,33.2202,1.47,378.65546875
1095,1026.75,526.75,95.0,45.0,127592.69,112232.69,15.8025,1.35,1096.02236328125
1096,132.23,0.0,14.0,0.0,7159.74,0.0,0.0,0.0,0.0
1097,2860.15,2360.15,0.0,0.0,73113.4,57753.4,70.8045,0.0,563.998046875
1098,2286.65,1786.65,426.0,376.0,137756.97,122396.97,53.5995,11.28,1195.28291015625
1099,5079.93,4579.93,239.0,189.0,171442.81,156082.81,137.3979,5.67,1524.24619140625
1100,1555.39,1055.39,265.0,215.0,97397.07,82037.07,31.661700000000003,6.45,801.1432617187501
1101,3307.1,2807.1,648.0,598.0,112918.03,97558.03,84.213,17.939999999999998,952.71513671875
1102,407.73,0.0,45.0,0.0,6491.35,0.0,0.0,0.0,0.0
1103,1600.51,1100.51,140.0,90.0,91026.96,75666.96,33.0153,2.7,738.9351562500001
1104,8.73,0.0,25.0,0.0,9360.99,0.0,0.0,0.0,0.0
1105,2026.64,1526.64,243.0,193.0,32589.41,17229.41,45.7992,5.79,168.25595703125
1106,3772.97,3272.9700000000003,0.0,0.0,168961.82,153601.82,98.1891,0.0,1500.0177734375002
1107,357.34,0.0,65.0,0.0,23632.23,0.0,0.0,0.0,0.0
1108,0.0,0.0,0.0,0.0,233.17,0.0,0.0,0.0,0.0
1109,3977.6,3477.6,0.0,0.0,109740.51,94380.51,104.328,0.0,921.68466796875
1110,2852.62,2352.62,416.0,366.0,163687.8,148327.8,70.5786,10.98,1448.513671875
1111,1076.69,576.69,322.0,272.0,55165.48,39805.48,17.300700000000003,8.16,388.7253906250001
1112,2257.21,0.0,114.0,0.0,35529.08,4809.080000000002,0.0,0.0,32.87457031250001
1113,3284.67,284.6700000000001,277.0,0.0,95763.87,65043.87,2.8467000000000007,0.0,444.63583007812497
1114,3554.58,3054.58,464.0,414.0,102347.34,86987.34,91.6374,12.42,849.4857421874999
1115,1159.47,659.47,152.0,102.0,24407.38,9047.38,19.7841,3.06,88.35332031250002
1116,345.44,0.0,19.0,0.0,15068.74,0.0,0.0,0.0,0.0
1117,2610.2,2110.2,0.0,0.0,140928.97,125568.97,63.30599999999999,0.0,1226.25947265625
1118,862.78,362.78,17.0,0.0,15963.98,603.9799999999996,10.883399999999998,0.0,5.898242187499996
1119,1153.95,653.95,366.0,316.0,3312.99,0.0,19.6185,9.48,0.0
1120,3306.0,2806.0,417.0,367.0,194813.98,179453.98,84.17999999999999,11.01,1752.4802734375
1121,0.0,0.0,98.0,48.0,68100.54,52740.53999999999,0.0,1.44,515.0443359374999
1122,3151.6,2651.6,160.0,110.0,152135.65,136775.65,79.54799999999999,3.3,1335.69970703125
1123,3195.51,2695.51,182.0,132.0,139803.89,124443.89,80.8653,3.96,1215.27236328125
1124,1178.22,0.0,219.0,0.0,16080.22,0.0,0.0,0.0,0.0
1125,489.51,0.0,54.0,4.0,22697.1,7337.0999999999985,0.0,0.12,71.65136718749999
1126,5800.05,2800.05,569.0,0.0,183729.34,153009.34,28.0005,0.0,1045.96228515625
1127,1407.08,907.08,76.0,26.0,151919.03,136559.03,27.212399999999995,0.78,1333.58427734375
1128,357.25,0.0,294.0,0.0,124760.04,94040.04,0.0,0.0,642.8518359374999
1129,0.0,0.0,0.0,0.0,0.0,0.0,0.0,0.0,0.0
1130,1717.72,1217.72,336.0,286.0,65214.71,49854.71,36.5316,8.58,486.86240234375
1131,0.0,0.0,216.0,166.0,115737.76,100377.76,0.0,4.98,980.2515625
1132,5546.62,2546.62,0.0,0.0,213787.95,183067.95,25.4662,0.0,1251.4410644531251
1133,1366.64,0.0,455.0,0.0,83193.17,52473.17,0.0,0.0,358.703310546875
1134,929.65,429.65,61.0,11.0,81335.59,65975.59,12.889499999999998,0.3299999999999999,644.2928710937499
1135,133.8,0.0,0.0,0.0,6921.2,0.0,0.0,0.0,0.0
1136,916.62,416.62,127.0,77.0,55522.3,40162.3,12.4986,2.31,392.2099609375
1137,0.0,0.0,168.0,118.0,16833.26,1473.2599999999984,0.0,3.54,14.387304687499984
1138,4002.2,3502.2,120.0,70.0,207230.1,191870.1,105.066,2.1,1873.7314453125
1139,465.04,0.0,82.0,32.0,24282.45,8922.45,0.0,0.96,87.13330078125
1140,3304.02,2804.02,65.0,15.0,89300.68,73940.68,84.1206,0.4499999999999999,722.0769531249999
1141,4898.71,4398.71,120.0,70.0,98182.88,82822.88,131.9613,2.1,808.8171875
1142,1620.82,1120.82,181.0,131.0,76552.43,61192.42999999999,33.624599999999994,3.93,597.5823242187499
1143,0.0,0.0,0.0,0.0,0.0,0.0,0.0,0.0,0.0
1144,4382.09,1382.09,601.0,0.0,0.0,0.0,13.820900000000002,0.0,0.0
1145,2348.74,1848.74,448.0,398.0,121862.41,106502.41,55.46219999999999,11.94,1040.06259765625
1146,1064.85,564.8499999999999,238.0,188.0,49409.76,34049.76,16.945499999999996,5.64,332.51718750000003
1147,5822.43,5322.43,203.0,153.0,257374.65,242014.65,159.6729,4.59,2363.42431640625
1148,1002.6,502.6,123.0,73.0,31554.9,16194.9,15.078,2.19,158.1533203125
1149,1692.35,1192.35,0.0,0.0,35038.4,19678.4,35.7705,0.0,192.171875
1150,1624.44,0.0,0.0,0.0,50323.71,19603.71,0.0,0.0,134.009736328125
1151,2367.74,1867.74,260.0,210.0,69502.66,54142.66,56.0322,6.3,528.7369140625001
1152,1302.2,802.2,0.0,0.0,32695.25,17335.25,24.066,0.0,169.28955078125
1153,3993.02,3493.02,0.0,0.0,86734.12,71374.12,104.7906,0.0,697.012890625
1154,851.23,0.0,225.0,0.0,46850.22,16130.22,0.0,0.0,110.26517578125
1155,2318.49,0.0,355.0,0.0,226437.93,195717.93,0.0,0.0,1337.915537109375
1156,3845.58,3345.58,0.0,0.0,171285.53,155925.53,100.3674,0.0,1522.71025390625
1157,2440.75,1940.75,0.0,0.0,59579.82,44219.82,58.2225,0.0,431.8341796875
1158,451.36,0.0,0.0,0.0,21244.74,0.0,0.0,0.0,0.0
1159,4101.6,1101.6000000000004,490.0,0.0,67081.84,36361.84,11.016000000000004,0.0,248.567265625
1160,4864.0,4364.0,135.0,85.0,167495.68,152135.68,130.92,2.55,1485.6999999999998
1161,789.55,0.0,2.0,0.0,14655.96,0.0,0.0,0.0,0.0
1162,1018.99,0.0,96.0,0.0,47883.79,17163.79,0.0,0.0,117.330595703125
1163,2495.69,0.0,30.0,0.0,95514.71,64794.71000000001,0.0,0.0,442.932587890625
1164,3182.31,182.30999999999997,225.0,0.0,124410.28,93690.28,1.8230999999999995,0.0,640.4608984375
1165,298.01,0.0,68.0,18.0,38067.99,22707.99,0.0,0.54,221.75771484375
1166,720.29,220.29,0.0,0.0,84343.07,68983.07,6.608699999999999,0.0,673.6627929687501
1167,4100.85,3600.8500000000004,344.0,294.0,95237.18,79877.18,108.0255,8.82,780.0505859374999
1168,276.28,0.0,14.0,0.0,7322.85,0.0,0.0,0.0,0.0
1169,789.82,289.82000000000005,110.0,60.0,17431.28,2071.279999999999,8.694600000000001,1.7999999999999998,20.22734374999999
1170,2436.44,1936.44,32.0,0.0,83908.32,68548.32,58.0932,0.0,669.4171875000001
1171,3032.85,2532.85,0.0,0.0,226250.32,210890.32,75.98549999999999,0.0,2059.47578125
1172,2632.6,2132.6,475.0,425.0,128928.23,113568.23,63.978,12.75,1109.06474609375
1173,1516.68,1016.68,192.0,142.0,45654.57,30294.57,30.5004,4.26,295.84541015625
1174,4153.7,3653.7,552.0,502.0,142528.17,127168.17,109.611,15.06,1241.8766601562502
1175,1917.74,1417.74,97.0,47.0,56448.34,41088.34,42.5322,1.41,401.2533203125
1176,1071.11,571.1099999999999,165.0,115.0,66790.3,51430.3,17.133299999999995,3.45,502.2490234375
1177,665.63,165.63,44.0,0.0,37583.57,22223.57,4.9689,0.0,217.02705078125
1178,1185.45,685.45,136.0,86.0,52288.63,36928.63,20.5635,2.58,360.63115234375
1179,2479.69,1979.69,90.0,40.0,77061.9,61701.9,59.3907,1.2,602.5576171875
1180,581.19,81.19000000000005,76.0,26.0,11829.27,0.0,2.435700000000001,0.78,0.0
1181,4545.55,4045.55,221.0,171.0,140574.08,125214.08,121.3665,5.13,1222.7937499999998
1182,1541.58,1041.58,14.0,0.0,136509.43,121149.43,31.247399999999995,0.0,1183.0999023437498
1183,1364.07,864.0699999999999,237.0,187.0,45988.88,30628.88,25.9221,5.609999999999999,299.11015625
1184,630.58,0.0,37.0,0.0,10254.82,0.0,0.0,0.0,0.0
1185,5524.35,2524.3500000000004,0.0,0.0,0.0,0.0,25.243500000000004,0.0,0.0
1186,85.11,0.0,13.0,0.0,1948.94,0.0,0.0,0.0,0.0
1187,5030.19,4530.19,90.0,40.0,169628.37,154268.37,135.9057,1.2,1506.52705078125
1188,983.35,0.0,176.0,0.0,74130.37,43410.37,0.0,0.0,296.75057617187497
1189,1189.21,689.21,134.0,84.0,63813.15,48453.15,20.6763,2.52,473.17529296875
1190,188.8,0.0,3.0,0.0,14191.43,0.0,0.0,0.0,0.0
1191,3528.26,528.2600000000002,104.0,0.0,117940.91,87220.91,5.282600000000002,0.0,596.236689453125
1192,1532.88,1032.88,84.0,34.0,23993.71,8633.71,30.986400000000003,1.02,84.31357421874999
1193,1214.35,714.3499999999999,358.0,308.0,104627.86,89267.86,21.430499999999995,9.24,871.7564453125
1194,0.0,0.0,292.0,242.0,148495.93,133135.93,0.0,7.26,1300.1555664062498
1195,2043.69,1543.69,388.0,338.0,47484.0,32124.0,46.3107,10.14,313.7109375
1196,6157.67,3157.67,341.0,0.0,265744.06,235024.06,31.5767,0.0,1606.60978515625
1197,1310.04,810.04,22.0,0.0,28492.85,13132.85,24.3012,0.0,128.25048828125
1198,1425.33,925.33,36.0,0.0,62513.35,47153.35,27.7599,0.0,460.48193359375
1199,2277.17,0.0,351.0,0.0,87322.46,56602.46000000001,0.0,0.0,386.93087890625
1200,604.79,104.78999999999996,37.0,0.0,19571.37,4211.369999999999,3.1436999999999986,0.0,41.12666015624999
1201,2946.94,2446.94,47.0,0.0,205644.03,190284.03,73.4082,0.0,1858.24248046875
1202,1592.78,0.0,0.0,0.0,35154.24,4434.239999999998,0.0,0.0,30.312187499999983
1203,4359.63,3859.63,450.0,400.0,134995.18,119635.18,115.7889,12.0,1168.3123046874998
1204,0.0,0.0,120.0,0.0,58077.0,27357.0,0.0,0.0,187.0107421875
1205,663.4399999999999,163.43999999999994,106.0,56.0,30155.01,14795.010000000002,4.903199999999998,1.68,144.48251953125003
1206,1838.09,1338.09,159.0,109.0,152744.81,137384.81,40.1427,3.27,1341.64853515625
1207,165.39,0.0,9.0,0.0,8278.51,0.0,0.0,0.0,0.0
1208,478.76,0.0,0.0,0.0,16154.29,794.2900000000009,0.0,0.0,7.756738281250008
1209,2851.34,2351.34,125.0,75.0,86483.54000000001,71123.54000000001,70.5402,2.25,694.5658203125001
1210,1798.28,1298.28,0.0,0.0,48893.1,33533.1,38.9484,0.0,327.4716796875
1211,1615.48,0.0,318.0,0.0,130473.86,99753.86,0.0,0.0,681.91115234375
1212,1451.26,951.26,168.0,118.0,66997.1,51637.100000000006,28.5378,3.54,504.26855468750006
1213,571.94,0.0,96.0,0.0,19967.74,0.0,0.0,0.0,0.0
1214,4515.72,1515.7200000000005,180.0,0.0,207920.48,177200.48,15.157200000000003,0.0,1211.33140625
1215,2899.06,2399.06,340.0,290.0,119204.97,103844.97,71.9718,8.7,1014.11103515625
1216,1081.39,581.3900000000001,0.0,0.0,48337.83,32977.83,17.4417,0.0,322.04912109375005
1217,1651.64,1151.64,0.0,0.0,62168.01,46808.01,34.54919999999999,0.0,457.10947265625
1218,297.31,0.0,32.0,0.0,13594.75,0.0,0.0,0.0,0.0
1219,1248.27,748.27,42.0,0.0,35269.72,19909.72,22.4481,0.0,194.430859375
1220,4478.86,3978.86,276.0,226.0,151471.57,136111.57,119.36579999999998,6.779999999999999,1329.2145507812502
1221,100.4,0.0,11.0,0.0,7904.0,0.0,0.0,0.0,0.0
1222,3530.52,3030.52,126.0,76.0,111215.18,95855.18,90.9156,2.28,936.0857421875
1223,3602.55,3102.55,154.0,104.0,134215.45,118855.45,93.0765,3.12,1160.69775390625
1224,845.86,0.0,230.0,0.0,81533.95,50813.95,0.0,0.0,347.36098632812497
1225,467.3,0.0,0.0,0.0,14304.55,0.0,0.0,0.0,0.0
1226,2709.92,0.0,0.0,0.0,104479.42,73759.42,0.0,0.0,504.21478515625
1227,336.33,0.0,27.0,0.0,18651.59,3291.59,0.0,0.0,32.14443359375
1228,773.49,273.49,6.0,0.0,30627.1,15267.1,8.2047,0.0,149.0927734375
1229,99.31,0.0,125.0,0.0,20551.61,0.0,0.0,0.0,0.0
1230,426.36,0.0,126.0,0.0,21637.87,0.0,0.0,0.0,0.0
1231,3383.28,383.2800000000002,21.0,0.0,117076.5,86356.5,3.832800000000002,0.0,590.32763671875
1232,4790.59,4290.59,19.0,0.0,145531.1,130171.1,128.7177,0.0,1271.2021484375
1233,715.47,215.47000000000003,0.0,0.0,50468.21,35108.21,6.4641,0.0,342.85361328125
1234,476.41,0.0,53.0,0.0,9299.3,0.0,0.0,0.0,0.0
1235,456.02,0.0,61.0,11.0,20491.17,5131.169999999998,0.0,0.3299999999999999,50.10908203124998
1236,4259.1,1259.1000000000004,244.0,0.0,150632.78,119912.78,12.591000000000005,0.0,819.71626953125
1237,2724.16,0.0,140.0,0.0,47294.26,16574.260000000002,0.0,0.0,113.30060546875
1238,884.91,384.91,0.0,0.0,45129.13,29769.13,11.547299999999998,0.0,290.71416015625
1239,1525.87,1025.87,0.0,0.0,44969.52,29609.52,30.776100000000003,0.0,289.15546874999995
1240,6610.85,6110.85,77.0,27.0,241510.24,226150.24,183.3255,0.8099999999999999,2208.4984375
1241,2275.24,1775.2399999999998,132.0,82.0,39845.55,24485.550000000003,53.25719999999999,2.46,239.11669921875003
1242,704.23,204.23,192.0,142.0,35410.73,20050.730000000003,6.1269,4.26,195.80791015625005
1243,910.26,410.26,48.0,0.0,63275.58,47915.58,12.3078,0.0,467.9255859375001
1244,288.27,0.0,74.0,24.0,39734.28,24374.28,0.0,0.72,238.030078125
1245,1456.66,956.66,54.0,4.0,45387.25,30027.25,28.6998,0.12,293.23486328125
1246,4663.77,1663.7700000000004,140.0,0.0,158334.32,127614.32,16.637700000000006,0.0,872.363515625
1247,2684.06,0.0,600.0,0.0,100277.25,69557.25,0.0,0.0,475.489013671875
1248,1001.77,501.77,112.0,62.0,19199.93,3839.93,15.0531,1.86,37.49931640625
1249,3131.74,131.74000000000024,199.0,0.0,87656.09,56936.09,1.3174000000000023,0.0,389.211552734375
1250,1423.96,0.0,201.0,0.0,28925.07,0.0,0.0,0.0,0.0
1251,5012.62,4512.62,310.0,260.0,233686.21,218326.21,135.3786,7.8,2132.09189453125
1252,2776.01,2276.01,208.0,158.0,94118.44,78758.44,68.28030000000001,4.74,769.125390625
1253,491.31,0.0,92.0,0.0,59418.94,28698.94,0.0,0.0,196.18416015625
1254,2384.11,1884.11,525.0,475.0,97134.06,81774.06,56.5233,14.25,798.5748046875
1255,2781.93,0.0,267.0,0.0,48740.71,18020.71,0.0,0.0,123.188447265625
1256,1888.4,1388.4,97.0,47.0,54720.82,39360.82,41.652,1.41,384.3830078125
1257,4856.21,4356.21,270.0,220.0,117643.57,102283.57,130.6863,6.6,998.86298828125
1258,361.6,0.0,277.0,227.0,117667.29,102307.29,0.0,6.81,999.09462890625
1259,1409.49,909.49,301.0,251.0,23670.24,8310.240000000002,27.2847,7.529999999999999,81.15468750000002
1260,476.27,0.0,80.0,30.0,19766.78,4406.779999999999,0.0,0.8999999999999999,43.03496093749999
1261,4914.52,4414.52,503.0,453.0,191330.87,175970.87,132.43560000000002,13.59,1718.46552734375
1262,275.72,0.0,57.0,7.0,16014.2,654.1999999999989,0.0,0.21,6.388671874999989
1263,5275.22,4775.22,30.0,0.0,161608.57,146248.57,143.2566,0.0,1428.2086914062502
1264,2693.23,0.0,500.0,0.0,124763.27,94043.27,0.0,0.0,642.873916015625
1265,290.06,0.0,0.0,0.0,32233.13,16873.13,0.0,0.0,164.77666015625002
1266,303.54,0.0,24.0,0.0,11630.05,0.0,0.0,0.0,0.0
1267,1570.29,1070.29,138.0,88.0,39012.29,23652.29,32.1087,2.64,230.97939453125
1268,4773.52,4273.52,300.0,250.0,0.0,0.0,128.2056,7.5,0.0
1269,0.0,0.0,0.0,0.0,0.0,0.0,0.0,0.0,0.0
1270,1175.5,0.0,95.0,0.0,71055.62,40335.62,0.0,0.0,275.73177734375
1271,502.74,2.740000000000009,83.0,33.0,17962.75,2602.75,0.0822000000000002,0.99,25.41748046875
1272,624.88,124.88,62.0,12.0,43528.51,28168.51,3.7464,0.36,275.08310546875003
1273,924.74,0.0,151.0,0.0,42426.16,11706.159999999996,0.0,0.0,80.02257812499997
1274,334.03,0.0,17.0,0.0,17346.079999999998,0.0,0.0,0.0,0.0
1275,0.0,0.0,0.0,0.0,0.0,0.0,0.0,0.0,0.0
1276,1289.73,789.73,76.0,26.0,57117.44,41757.44,23.6919,0.78,407.7875
1277,5816.74,5316.74,0.0,0.0,187377.17,172017.17,159.5022,0.0,1679.8551757812502
1278,635.0,135.0,56.0,6.0,38007.84,22647.84,4.05,0.18,221.1703125
1279,1370.65,0.0,63.0,0.0,42010.81,11290.809999999998,0.0,0.0,77.18327148437498
1280,2823.83,2323.83,304.0,254.0,96985.67,81625.67,69.7149,7.62,797.12568359375
1281,3061.73,2561.73,227.0,177.0,46340.18,30980.18,76.8519,5.31,302.5408203125
1282,845.57,0.0,0.0,0.0,41782.38,11062.379999999996,0.0,0.0,75.62173828124997
1283,964.25,0.0,128.0,0.0,36562.01,5842.010000000002,0.0,0.0,39.93561523437501
1284,2848.25,2348.25,0.0,0.0,100621.98,85261.98,70.44749999999999,0.0,832.6365234374999
1285,1837.48,1337.48,127.0,77.0,18046.62,2686.619999999999,40.1244,2.31,26.23652343749999
1286,425.72,0.0,10.0,0.0,11351.29,0.0,0.0,0.0,0.0
1287,700.72,200.72000000000003,212.0,162.0,30068.85,14708.85,6.0216,4.859999999999999,143.64111328125
1288,804.37,304.37,0.0,0.0,41262.44,25902.44,9.1311,0.0,252.953515625
1289,1053.75,0.0,90.0,0.0,31357.06,637.0600000000013,0.0,0.0,4.354902343750009
1290,145.29,0.0,69.0,19.0,13687.46,0.0,0.0,0.57,0.0
1291,4605.0,4105.0,90.0,40.0,136662.93,121302.93,123.15,1.2,1184.5989257812498
1292,1353.84,853.8399999999999,0.0,0.0,238597.18,223237.18,25.6152,0.0,2180.0505859375
1293,2558.14,2058.14,432.0,382.0,149882.44,134522.44,61.74419999999999,11.46,1313.695703125
1294,927.36,427.36,172.0,122.0,51132.29,35772.29,12.8208,3.66,349.33876953125
1295,2412.26,1912.26,108.0,58.0,89029.41,73669.41,57.36779999999999,1.74,719.4278320312501
1296,767.74,0.0,45.0,0.0,45665.49,14945.489999999998,0.0,0.0,102.166435546875
1297,186.64,0.0,0.0,0.0,20207.82,4847.82,0.0,0.0,47.3419921875
1298,553.23,53.23000000000002,103.0,53.0,17882.76,2522.7599999999984,1.5969000000000004,1.59,24.636328124999984
1299,4185.3,3685.3,90.0,40.0,148033.87,132673.87,110.559,1.2,1295.64326171875
1300,806.1,306.1,0.0,0.0,47535.72,32175.72,9.183,0.0,314.216015625
1301,1042.43,0.0,158.0,0.0,43960.51,13240.510000000002,0.0,0.0,90.511298828125
1302,1284.46,784.46,186.0,136.0,70846.25,55486.25,23.5338,4.08,541.85791015625
1303,112.29,0.0,148.0,0.0,25042.66,0.0,0.0,0.0,0.0
1304,1044.12,0.0,131.0,0.0,46722.54,16002.54,0.0,0.0,109.39236328125
1305,3496.27,2996.27,26.0,0.0,120924.91,105564.91,89.8881,0.0,1030.90732421875
1306,4.6,0.0,0.0,0.0,246.99,0.0,0.0,0.0,0.0
1307,0.0,0.0,0.0,0.0,0.0,0.0,0.0,0.0,0.0
1308,467.93,0.0,60.0,10.0,28304.1,12944.1,0.0,0.3,126.4072265625
1309,602.45,102.45000000000005,70.0,20.0,16473.7,1113.7000000000007,3.073500000000001,0.6,10.875976562500009
1310,132.22,0.0,0.0,0.0,21939.16,6579.16,0.0,0.0,64.249609375
1311,1323.99,0.0,0.0,0.0,106827.62,76107.62,0.0,0.0,520.26693359375
1312,3323.35,2823.35,288.0,238.0,195201.75,179841.75,84.70049999999999,7.14,1756.26708984375
1313,3704.0,3204.0,308.0,258.0,112127.22,96767.22,96.12,7.739999999999999,944.9923828125
1314,908.67,0.0,40.0,0.0,29401.53,0.0,0.0,0.0,0.0
1315,598.28,98.27999999999996,56.0,6.0,13411.49,0.0,2.948399999999999,0.18,0.0
1316,1458.82,958.82,433.0,383.0,141533.37,126173.37,28.7646,11.49,1232.16181640625
1317,1108.37,0.0,0.0,0.0,25312.7,0.0,0.0,0.0,0.0
1318,1079.68,579.6800000000001,115.0,65.0,62975.01,47615.01,17.3904,1.95,464.99033203125
1319,0.0,0.0,0.0,0.0,0.0,0.0,0.0,0.0,0.0
1320,7202.87,6702.87,531.0,481.0,163155.97,147795.97,201.0861,14.43,1443.32001953125
1321,3324.37,2824.37,0.0,0.0,137353.51,121993.51,84.7311,0.0,1191.34287109375
1322,519.57,19.57000000000005,0.0,0.0,59172.44,43812.44,0.5871000000000015,0.0,427.855859375
1323,27.03,0.0,1.0,0.0,1024.85,0.0,0.0,0.0,0.0
1324,8950.28,8450.28,0.0,0.0,162360.6,147000.6,253.5084,0.0,1435.552734375
1325,550.5600000000001,50.56000000000006,0.0,0.0,39119.82,23759.82,1.5168000000000017,0.0,232.0294921875
1326,5036.38,4536.38,444.0,394.0,66386.3,51026.3,136.0914,11.82,498.3037109375
1327,2034.66,1534.66,135.0,85.0,94111.45,78751.45,46.0398,2.55,769.05712890625
1328,6112.47,5612.47,0.0,0.0,215711.85,200351.85,168.3741,0.0,1956.56103515625
1329,4858.73,1858.73,397.0,0.0,106923.25,76203.25,18.587299999999995,0.0,520.920654296875
1330,920.75,0.0,153.0,0.0,23008.65,0.0,0.0,0.0,0.0
1331,1687.07,1187.07,440.0,390.0,84490.52,69130.52,35.6121,11.7,675.1027343750001
1332,1363.13,863.1300000000001,10.0,0.0,111476.81,96116.81,25.8939,0.0,938.64072265625
1333,458.11,0.0,7.0,0.0,23175.26,0.0,0.0,0.0,0.0
1334,7675.17,7175.17,130.0,80.0,156601.66,141241.66,215.2551,2.4,1379.3130859375
1335,2850.95,2350.95,654.0,604.0,125690.28,110330.28,70.5285,18.12,1077.444140625
1336,5912.09,5412.09,690.0,640.0,160281.02,144921.02,162.3627,19.2,1415.2443359375
1337,1006.52,506.52,110.0,60.0,30277.84,14917.84,15.1956,1.7999999999999998,145.68203125
1338,2714.31,2214.31,0.0,0.0,82349.42,66989.42,66.4293,0.0,654.1935546875
1339,179.03,0.0,608.0,558.0,28153.75,12793.75,0.0,16.74,124.93896484375
1340,2057.67,1557.67,250.0,200.0,3856.56,0.0,46.7301,6.0,0.0
1341,1747.76,1247.76,189.0,139.0,57663.48,42303.48,37.4328,4.17,413.1199218750001
1342,490.54,0.0,7.0,0.0,10998.39,0.0,0.0,0.0,0.0
1343,1801.33,1301.33,528.0,478.0,84782.84,69422.84,39.0399,14.34,677.9574218749999
1344,39.14,0.0,14.0,0.0,4054.01,0.0,0.0,0.0,0.0
1345,1201.25,701.25,36.0,0.0,26932.57,11572.57,21.0375,0.0,113.01337890625
1346,2732.37,0.0,465.0,0.0,152510.09,121790.09,0.0,0.0,832.549443359375
1347,2164.94,0.0,372.0,0.0,97752.83,67032.83,0.0,0.0,458.232236328125
1348,1965.87,1465.87,142.0,92.0,41579.92,26219.92,43.9761,2.76,256.05390624999995
1349,0.0,0.0,209.0,159.0,43261.72,27901.72,0.0,4.77,272.477734375
1350,835.78,335.78,10.0,0.0,28510.96,13150.96,10.0734,0.0,128.42734374999998
1351,289.29,0.0,39.0,0.0,53667.71,22947.71,0.0,0.0,156.869111328125
1352,2436.41,0.0,157.0,0.0,58581.6,27861.6,0.0,0.0,190.46015625
1353,2701.47,2201.47,0.0,0.0,117074.61,101714.61,66.04409999999999,0.0,993.30673828125
1354,2064.75,0.0,155.0,0.0,71151.26,40431.26,0.0,0.0,276.38556640624995
1355,1573.47,1073.47,282.0,232.0,48807.55,33447.55,32.2041,6.96,326.63623046875
1356,615.27,115.26999999999998,112.0,62.0,65743.8,50383.8,3.4580999999999995,1.86,492.029296875
1357,2177.24,1677.2399999999998,177.0,127.0,54442.72,39082.72,50.31719999999999,3.81,381.6671875
1358,3046.52,2546.52,30.0,0.0,128033.23,112673.23,76.3956,0.0,1100.32451171875
1359,4552.42,4052.42,0.0,0.0,0.0,0.0,121.5726,0.0,0.0
1360,775.14,275.14,0.0,0.0,24053.57,8693.57,8.254199999999999,0.0,84.89814453125
1361,2629.01,2129.01,288.0,238.0,116822.91,101462.91,63.87030000000001,7.14,990.84873046875
1362,7451.17,6951.17,672.0,622.0,165615.77,150255.77,208.5351,18.66,1467.34150390625
1363,1142.22,0.0,144.0,0.0,62181.82,31461.82,0.0,0.0,215.07103515625
1364,1636.29,1136.29,92.0,42.0,73721.54,58361.53999999999,34.0887,1.26,569.9369140624999
1365,6879.7,6379.7,280.0,230.0,43468.3,28108.300000000003,191.391,6.9,274.4951171875
1366,2707.99,2207.99,75.0,25.0,84335.23,68975.23,66.23969999999998,0.75,673.5862304687499
1367,736.33,236.33000000000004,0.0,0.0,95887.06,80527.06,7.089900000000001,0.0,786.3970703125
1368,3863.57,863.5700000000002,0.0,0.0,129924.33,99204.33,8.635700000000002,0.0,678.154599609375
1369,513.64,13.639999999999986,152.0,102.0,50833.01,35473.01,0.4091999999999995,3.06,346.41611328125003
1370,2236.09,0.0,93.0,0.0,55184.18,24464.18,0.0,0.0,167.23560546875
1371,834.76,334.76,84.0,34.0,42779.03,27419.03,10.0428,1.02,267.76396484375
1372,384.08,0.0,54.0,4.0,18896.61,3536.6100000000006,0.0,0.12,34.537207031250006
1373,2581.72,0.0,244.0,0.0,105787.34,75067.34,0.0,0.0,513.15564453125
1374,2450.45,1950.45,576.0,526.0,245534.4,230174.4,58.51349999999999,15.78,2247.796875
1375,259.3,0.0,81.0,31.0,13623.69,0.0,0.0,0.93,0.0
1376,981.94,0.0,22.0,0.0,36028.84,5308.8399999999965,0.0,0.0,36.290898437499976
1377,2232.82,1732.8200000000002,18.0,0.0,119311.35,103951.35,51.9846,0.0,1015.14990234375
1378,0.0,0.0,0.0,0.0,0.0,0.0,0.0,0.0,0.0
1379,1289.16,789.1600000000001,154.0,104.0,88703.89,73343.89,23.6748,3.12,716.24892578125
1380,1824.83,0.0,210.0,0.0,77185.63,46465.630000000005,0.0,0.0,317.63614257812503
1381,1580.68,1080.68,624.0,574.0,82127.86,66767.86,32.4204,17.22,652.0298828125
1382,6961.02,3961.02,336.0,0.0,79998.47,49278.47,39.610200000000006,0.0,336.86454101562504
1383,1163.37,0.0,119.0,0.0,56605.09,25885.09,0.0,0.0,176.94885742187498
1384,1580.37,0.0,570.0,0.0,144272.64,113552.64,0.0,0.0,776.2387500000001
1385,4145.07,3645.07,350.0,300.0,146487.72,131127.72,109.3521,9.0,1280.544140625
1386,473.93,0.0,40.0,0.0,28368.15,13008.15,0.0,0.0,127.03271484375
1387,2390.07,1890.07,80.0,30.0,97924.38,82564.38,56.7021,0.8999999999999999,806.2927734375
1388,282.31,0.0,98.0,0.0,13262.79,0.0,0.0,0.0,0.0
1389,3607.71,607.71,0.0,0.0,152385.47,121665.47,6.077100000000001,0.0,831.697548828125
1390,5107.69,2107.69,0.0,0.0,125110.25,94390.25,21.076899999999995,0.0,645.245849609375
1391,1994.81,0.0,121.0,0.0,61041.77,30321.77,0.0,0.0,207.27772460937496
1392,1652.97,1152.97,318.0,268.0,116944.09,101584.09,34.5891,8.04,992.03212890625
1393,1728.07,1228.07,68.0,18.0,24215.13,8855.130000000001,36.8421,0.54,86.47587890625002
1394,1095.13,595.1300000000001,80.0,30.0,52900.63,37540.63,17.853900000000003,0.8999999999999999,366.60771484375
1395,246.33,0.0,25.0,0.0,11144.27,0.0,0.0,0.0,0.0
1396,1065.55,565.55,123.0,73.0,72196.31,56836.31,16.966499999999996,2.19,555.04208984375
1397,5436.3,4936.3,0.0,0.0,149967.62,134607.62,148.089,0.0,1314.5275390625
1398,796.84,296.84000000000003,96.0,46.0,34707.08,19347.08,8.9052,1.38,188.936328125
1399,1959.01,1459.01,161.0,111.0,154344.43,138984.43,43.7703,3.33,1357.2698242187498
1400,4738.36,4238.36,0.0,0.0,156978.81,141618.81,127.1508,0.0,1382.99619140625
1401,2365.16,0.0,233.0,0.0,36241.28,5521.279999999999,0.0,0.0,37.74312499999999
1402,1113.6,613.5999999999999,0.0,0.0,56099.6,40739.6,18.408,0.0,397.84765625
1403,1902.84,0.0,0.0,0.0,237879.26,207159.26,0.0,0.0,1416.12775390625
1404,2750.85,2250.85,60.0,10.0,97857.57,82497.57,67.5255,0.3,805.6403320312501
1405,999.91,0.0,434.0,0.0,114437.52,83717.52,0.0,0.0,572.287734375
1406,3536.67,3036.67,0.0,0.0,179102.16,163742.16,91.1001,0.0,1599.04453125
1407,185.3,0.0,52.0,0.0,19458.75,0.0,0.0,0.0,0.0
1408,4755.19,4255.19,429.0,379.0,163944.63999999998,148584.63999999998,127.65569999999998,11.37,1451.021875
1409,850.45,0.0,77.0,0.0,52902.29,22182.29,0.0,0.0,151.636748046875
1410,1363.09,863.0899999999999,37.0,0.0,54332.0,38972.0,25.8927,0.0,380.5859375
1411,2009.5,1509.5,0.0,0.0,55081.27,39721.27,45.285,0.0,387.90302734375
1412,6249.31,3249.3100000000004,336.0,0.0,104538.17,73818.17,32.493100000000005,0.0,504.616396484375
1413,320.28,0.0,30.0,0.0,14370.95,0.0,0.0,0.0,0.0
1414,1642.89,1142.89,225.0,175.0,108201.01,92841.01,34.2867,5.25,906.65048828125
1415,2854.89,2354.89,0.0,0.0,120199.14,104839.14,70.6467,0.0,1023.8197265625
1416,1087.59,587.5899999999999,124.0,74.0,67901.5,52541.5,17.627699999999997,2.22,513.1005859375
1417,4005.95,1005.9499999999998,58.0,0.0,131492.11,100772.11,10.059499999999998,0.0,688.8718457031249
1418,1074.99,574.99,0.0,0.0,154380.25,139020.25,17.2497,0.0,1357.61962890625
1419,985.91,485.91,212.0,162.0,24876.15,9516.15,14.5773,4.859999999999999,92.93115234375
1420,1635.69,0.0,12.0,0.0,87265.76,56545.76,0.0,0.0,386.54328125
1421,921.78,421.78,180.0,130.0,43548.47,28188.47,12.6534,3.9,275.27802734375
1422,827.4,0.0,66.0,0.0,36519.8,5799.800000000003,0.0,0.0,39.64707031250002
1423,228.12,0.0,26.0,0.0,11725.72,0.0,0.0,0.0,0.0
1424,762.44,0.0,104.0,0.0,34312.28,3592.279999999999,0.0,0.0,24.556601562499992
1425,737.9300000000001,237.9300000000001,58.0,8.0,68079.86,52719.86,7.137900000000002,0.24,514.8423828125
1426,870.86,0.0,0.0,0.0,41406.88,10686.879999999996,0.0,0.0,73.05484374999997
1427,2415.82,0.0,0.0,0.0,72849.69,42129.69,0.0,0.0,287.995927734375
1428,1419.63,919.63,63.0,13.0,40116.02,24756.02,27.5889,0.39,241.75800781249995
1429,121.81,0.0,17.0,0.0,6770.01,0.0,0.0,0.0,0.0
1430,545.48,45.48000000000002,32.0,0.0,21955.85,6595.849999999999,1.3644000000000005,0.0,64.41259765624999
1431,1053.37,553.3699999999999,72.0,22.0,48363.88,33003.88,16.601099999999995,0.6599999999999999,322.303515625
1432,1778.82,0.0,27.0,0.0,44092.89,13372.89,0.0,0.0,91.416240234375
1433,1920.54,0.0,420.0,0.0,87687.56999999999,56967.56999999999,0.0,0.0,389.4267480468749
1434,4184.15,3684.15,482.0,432.0,139551.5,124191.5,110.5245,12.96,1212.8076171875
1435,835.9,0.0,472.0,0.0,106606.38,75886.38,0.0,0.0,518.75455078125
1436,2133.62,0.0,0.0,0.0,71948.65,41228.65,0.0,0.0,281.83647460937493
1437,1146.04,646.04,0.0,0.0,34979.63,19619.63,19.3812,0.0,191.59794921875
1438,1140.29,640.29,172.0,122.0,63666.15,48306.15,19.2087,3.66,471.73974609375
1439,2400.1,1900.1,528.0,478.0,129271.89,113911.89,57.00299999999999,14.34,1112.42080078125
1440,4528.77,4028.77,272.0,222.0,132894.11,117534.11,120.8631,6.66,1147.79404296875
1441,1255.34,0.0,22.0,0.0,37250.78,6530.779999999999,0.0,0.0,44.64400390624999
1442,225.22,0.0,65.0,0.0,14448.26,0.0,0.0,0.0,0.0
1443,902.84,402.84,24.0,0.0,40239.78,24879.78,12.0852,0.0,242.9666015625
1444,824.22,324.22,255.0,205.0,95058.27,79698.27,9.7266,6.15,778.3034179687501
1445,2389.18,0.0,84.0,0.0,79752.38,49032.380000000005,0.0,0.0,335.18228515625003
1446,1344.2,844.2,76.0,26.0,75366.06,60006.06,25.326,0.78,585.9966796875
1447,1174.33,674.3299999999999,156.0,106.0,83725.83,68365.83,20.2299,3.18,667.63505859375
1448,571.4399999999999,71.43999999999994,133.0,83.0,33266.97,17906.97,2.143199999999998,2.49,174.87275390625
1449,830.89,330.89,0.0,0.0,59040.37,43680.37,9.9267,0.0,426.56611328125
1450,649.1,0.0,82.0,0.0,17492.24,0.0,0.0,0.0,0.0
1451,2266.67,0.0,245.0,0.0,59059.69,28339.69,0.0,0.0,193.72834960937504
1452,34.58,0.0,4.0,0.0,92.68,0.0,0.0,0.0,0.0
1453,537.24,0.0,86.0,0.0,34137.01,3417.010000000002,0.0,0.0,23.35846679687501
1454,1252.2,0.0,426.0,0.0,111062.66,80342.66,0.0,0.0,549.21740234375
1455,559.52,59.51999999999998,77.0,27.0,9657.21,0.0,1.7855999999999994,0.8099999999999999,0.0
1456,3014.81,14.809999999999944,234.0,0.0,82518.68000000001,51798.68000000001,0.1480999999999994,0.0,354.09253906250007
1457,79.36,0.0,4.0,0.0,13148.93,0.0,0.0,0.0,0.0
1458,865.43,0.0,174.0,0.0,92087.41,61367.41,0.0,0.0,419.503779296875
1459,1142.72,0.0,0.0,0.0,50879.39,20159.39,0.0,0.0,137.80833007812498
1460,2683.02,0.0,339.0,0.0,215882.22,185162.22,0.0,0.0,1265.75736328125
1461,1104.9,604.9000000000001,0.0,0.0,43055.8,27695.800000000003,18.147,0.0,270.466796875
1462,1048.45,0.0,204.0,0.0,30930.58,210.58000000000172,0.0,0.0,1.439511718750012
1463,0.0,0.0,0.0,0.0,0.0,0.0,0.0,0.0,0.0
1464,1093.95,593.95,58.0,8.0,32003.38,16643.38,17.8185,0.24,162.53300781250002
1465,4470.48,1470.4799999999996,194.0,0.0,103575.17,72855.17,14.704799999999995,0.0,498.033388671875
1466,1355.52,855.52,320.0,270.0,111087.86,95727.86,25.6656,8.1,934.8423828125
1467,3450.75,450.75,531.0,0.0,152169.67,121449.67,4.5075,0.0,830.2223535156251
1468,1674.58,1174.58,143.0,93.0,60551.29,45191.29,35.237399999999994,2.79,441.32119140625
1469,290.77,0.0,30.0,0.0,36110.02,20750.02,0.0,0.0,202.63691406249995
1470,3838.94,3338.94,0.0,0.0,0.0,0.0,100.1682,0.0,0.0
1471,162.7,0.0,50.0,0.0,11515.64,0.0,0.0,0.0,0.0
1472,3546.98,3046.98,247.0,197.0,97170.89,81810.89,91.4094,5.91,798.93447265625
1473,0.0,0.0,0.0,0.0,0.0,0.0,0.0,0.0,0.0
1474,1086.99,586.99,141.0,91.0,84769.98,69409.98,17.6097,2.73,677.8318359374999
1475,1590.88,0.0,378.0,0.0,90895.04,60175.03999999999,0.0,0.0,411.3528125
1476,2533.01,0.0,225.0,0.0,62354.37,31634.370000000003,0.0,0.0,216.25057617187505
1477,635.8,0.0,3.0,0.0,55610.93,24890.93,0.0,0.0,170.152841796875
1478,1701.68,0.0,60.0,0.0,82690.64,51970.64,0.0,0.0,355.268046875
1479,1578.08,1078.08,1.0,0.0,13902.66,0.0,32.3424,0.0,0.0
1480,511.51,11.509999999999993,51.0,1.0,8805.51,0.0,0.3452999999999997,0.03,0.0
1481,33.19,0.0,3.0,0.0,1265.78,0.0,0.0,0.0,0.0
1482,786.62,0.0,94.0,0.0,20806.13,0.0,0.0,0.0,0.0
1483,3284.85,2784.85,60.0,10.0,87973.37,72613.37,83.54549999999999,0.3,709.11494140625
1484,402.66,0.0,84.0,34.0,7294.519999999999,0.0,0.0,1.02,0.0
1485,309.66,0.0,24.0,0.0,19484.73,4124.73,0.0,0.0,40.28056640625
1486,326.41,0.0,10.0,0.0,20312.83,4952.830000000002,0.0,0.0,48.36748046875002
1487,392.71,0.0,66.0,0.0,13992.39,0.0,0.0,0.0,0.0
1488,4910.6,4410.6,0.0,0.0,165767.74,150407.74,132.318,0.0,1468.8255859375
1489,1569.54,1069.54,320.0,270.0,60995.75,45635.75,32.0862,8.1,445.66162109375
1490,2123.33,0.0,0.0,0.0,190904.51,160184.51,0.0,0.0,1095.011298828125
1491,3333.51,2833.51,409.0,359.0,63050.67,47690.67,85.0053,10.77,465.72919921875
1492,1003.46,503.46,108.0,58.0,40823.96,25463.96,15.1038,1.74,248.671484375
1493,2197.37,0.0,0.0,0.0,76378.43,45658.42999999999,0.0,0.0,312.1181738281249
1494,2672.66,2172.66,174.0,124.0,91389.19,76029.19,65.1798,3.72,742.47255859375
1495,1666.41,1166.41,0.0,0.0,98890.96,83530.96,34.9923,0.0,815.7320312500001
1496,1376.21,876.21,65.0,15.0,64268.64,48908.64,26.2863,0.4499999999999999,477.6234375
1497,276.53,0.0,50.0,0.0,11106.55,0.0,0.0,0.0,0.0
1498,3029.97,2529.97,0.0,0.0,227525.13,212165.13,75.89909999999999,0.0,2071.92509765625
1499,1450.31,950.31,0.0,0.0,71350.23,55990.23,28.5093,0.0,546.7795898437499
