user_id,total_minutos,total_sms,total_mb,costo_total,plan,exceso_minutos,exceso_sms,exceso_mb,costo_extra_minutos,costo_extra_sms,costo_extra_mb,age,city,plan_id,usd_monthly_pay,minutes_included,messages_included,mb_per_month_included,usd_per_minute,usd_per_message,usd_per_gb
1000,116.83,11.0,1901.47,70.0,ultimate,0.0,0.0,0.0,0.0,0.0,0.0,45,"Atlanta-Sandy Springs-Roswell, GA MSA",ultimate,70,3000,1000,30720,0.01,0.01,7
1001,1640.46,207.0,80437.94,694.4505578125,surf,1140.46,157.0,65077.94,34.2138,4.71,635.5267578125,28,"Seattle-Tacoma-Bellevue, WA MSA",surf,20,500,50,15360,0.03,0.03,10
1002,777.13,88.0,40293.33,272.94345078125,surf,277.13,38.0,24933.33,8.3139,1.14,243.48955078125,36,"Las Vegas-Henderson-Paradise, NV MSA",surf,20,500,50,15360,0.03,0.03,10
1003,1041.0,50.0,27044.14,150.33292968749998,surf,541.0,0.0,11684.14,16.23,0.0,114.1029296875,52,"Tulsa, OK MSA",surf,20,500,50,15360,0.03,0.03,10
1004,2618.95,177.0,156352.81,1464.26141015625,surf,2118.95,127.0,140992.81,63.56849999999999,3.81,1376.88291015625,40,"Seattle-Tacoma-Bellevue, WA MSA",surf,20,500,50,15360,0.03,0.03,10
1005,470.22,11.0,17140.17,37.38447265624998,surf,0.0,0.0,1780.1699999999985,0.0,0.0,17.384472656249983,31,"Dallas-Fort Worth-Arlington, TX MSA",surf,20,500,50,15360,0.03,0.03,10
1006,64.11,154.0,34187.19,93.70149414062502,ultimate,0.0,0.0,3467.1900000000023,0.0,0.0,23.701494140625016,73,"San Francisco-Oakland-Berkeley, CA MSA",ultimate,70,3000,1000,30720,0.01,0.01,7
1007,2484.15,255.0,143852.74,1340.4864140625,surf,1984.15,205.0,128492.74,59.5245,6.15,1254.8119140625,42,"Grand Rapids-Kentwood, MI MSA",surf,20,500,50,15360,0.03,0.03,10
1008,1473.31,84.0,55473.04,239.210234375,ultimate,0.0,0.0,24753.04,0.0,0.0,169.210234375,53,"Orlando-Kissimmee-Sanford, FL MSA",ultimate,70,3000,1000,30720,0.01,0.01,7
1009,5589.68,0.0,187237.74,1851.1839546875,surf,5089.68,0.0,171877.74,152.6904,0.0,1678.4935546875,19,"San Jose-Sunnyvale-Santa Clara, CA MSA",surf,20,500,50,15360,0.03,0.03,10
1010,4788.86,0.0,137342.24,1339.8986125,surf,4288.86,0.0,121982.24,128.6658,0.0,1191.2328125,52,"Dallas-Fort Worth-Arlington, TX MSA",surf,20,500,50,15360,0.03,0.03,10
1011,2744.87,371.0,131778.6,760.8302734375001,ultimate,0.0,0.0,101058.6,0.0,0.0,690.8302734375001,73,"Cleveland-Elyria, OH MSA",ultimate,70,3000,1000,30720,0.01,0.01,7
1012,143.73,0.0,25811.97,122.07001953125,surf,0.0,0.0,10451.97,0.0,0.0,102.07001953125,59,"Chicago-Naperville-Elgin, IL-IN-WI MSA",surf,20,500,50,15360,0.03,0.03,10
1013,203.37,16.0,20113.92,70.0,ultimate,0.0,0.0,0.0,0.0,0.0,0.0,50,"Knoxville, TN MSA",ultimate,70,3000,1000,30720,0.01,0.01,7
1014,1199.95,73.0,8968.0,41.6885,surf,699.95,23.0,0.0,20.9985,0.69,0.0,61,"New York-Newark-Jersey City, NY-NJ-PA MSA",surf,20,500,50,15360,0.03,0.03,10
1015,89.49,68.0,17495.12,41.39078124999999,surf,0.0,18.0,2135.119999999999,0.0,0.54,20.85078124999999,26,"Pittsburgh, PA MSA",surf,20,500,50,15360,0.03,0.03,10
1016,1562.3,95.0,59359.25,482.89917578125,surf,1062.3,45.0,43999.25,31.869,1.35,429.68017578125,30,"Fresno, CA MSA",surf,20,500,50,15360,0.03,0.03,10
1017,1579.81,152.0,95315.32,836.267971875,surf,1079.81,102.0,79955.31999999999,32.394299999999994,3.06,780.813671875,61,"Washington-Arlington-Alexandria, DC-VA-MD-WV MSA",surf,20,500,50,15360,0.03,0.03,10
1018,1223.45,16.0,41379.43,295.79949609375,surf,723.45,0.0,26019.43,21.7035,0.0,254.09599609375,70,"Indianapolis-Carmel-Anderson, IN MSA",surf,20,500,50,15360,0.03,0.03,10
1019,483.36,152.0,31140.68,177.168203125,surf,0.0,102.0,15780.68,0.0,3.06,154.108203125,34,"Jacksonville, FL MSA",surf,20,500,50,15360,0.03,0.03,10
1020,881.02,4.0,31749.42,191.4835296875,surf,381.02,0.0,16389.420000000002,11.430599999999998,0.0,160.0529296875,56,"Dallas-Fort Worth-Arlington, TX MSA",surf,20,500,50,15360,0.03,0.03,10
1021,378.27,0.0,6084.63,20.0,surf,0.0,0.0,0.0,0.0,0.0,0.0,37,"Los Angeles-Long Beach-Anaheim, CA MSA",surf,20,500,50,15360,0.03,0.03,10
1022,3837.67,0.0,133170.78,1270.6259984375,surf,3337.67,0.0,117810.78,100.1301,0.0,1150.4958984375,73,"New York-Newark-Jersey City, NY-NJ-PA MSA",surf,20,500,50,15360,0.03,0.03,10
1023,106.79,11.0,19088.76,56.413671874999984,surf,0.0,0.0,3728.7599999999984,0.0,0.0,36.413671874999984,70,"Omaha-Council Bluffs, NE-IA MSA",surf,20,500,50,15360,0.03,0.03,10
1024,530.02,0.0,10807.37,20.9006,surf,30.019999999999985,0.0,0.0,0.9005999999999994,0.0,0.0,74,"New York-Newark-Jersey City, NY-NJ-PA MSA",surf,20,500,50,15360,0.03,0.03,10
1025,0.0,0.0,0.0,70.0,ultimate,0.0,0.0,0.0,0.0,0.0,0.0,64,"Atlanta-Sandy Springs-Roswell, GA MSA",ultimate,70,3000,1000,30720,0.01,0.01,7
1026,335.64,22.0,13224.46,70.0,ultimate,0.0,0.0,0.0,0.0,0.0,0.0,49,"Houston-The Woodlands-Sugar Land, TX MSA",ultimate,70,3000,1000,30720,0.01,0.01,7
1027,2014.79,78.0,92095.44,815.6532312500001,surf,1514.79,28.0,76735.44,45.4437,0.84,749.36953125,38,"New York-Newark-Jersey City, NY-NJ-PA MSA",surf,20,500,50,15360,0.03,0.03,10
1028,488.46,756.0,0.0,70.0,ultimate,0.0,0.0,0.0,0.0,0.0,0.0,57,"Philadelphia-Camden-Wilmington, PA-NJ-DE-MD MSA",ultimate,70,3000,1000,30720,0.01,0.01,7
1029,2611.37,50.0,67200.36,589.594615625,surf,2111.37,0.0,51840.36,63.3411,0.0,506.253515625,59,"Tampa-St. Petersburg-Clearwater, FL MSA",surf,20,500,50,15360,0.03,0.03,10
1030,1279.24,30.0,43516.14,157.47361328124998,ultimate,0.0,0.0,12796.14,0.0,0.0,87.47361328125,30,"Chicago-Naperville-Elgin, IL-IN-WI MSA",ultimate,70,3000,1000,30720,0.01,0.01,7
1031,2774.77,14.0,92871.68,494.865,ultimate,0.0,0.0,62151.67999999999,0.0,0.0,424.865,52,"New York-Newark-Jersey City, NY-NJ-PA MSA",ultimate,70,3000,1000,30720,0.01,0.01,7
1032,1018.81,42.0,28759.75,70.0,ultimate,0.0,0.0,0.0,0.0,0.0,0.0,59,"Birmingham-Hoover, AL MSA",ultimate,70,3000,1000,30720,0.01,0.01,7
1033,2402.96,108.0,81915.41,419.968623046875,ultimate,0.0,0.0,51195.41,0.0,0.0,349.968623046875,28,"Oklahoma City, OK MSA",ultimate,70,3000,1000,30720,0.01,0.01,7
1034,5.3100000000000005,4.0,997.42,20.0,surf,0.0,0.0,0.0,0.0,0.0,0.0,22,"New York-Newark-Jersey City, NY-NJ-PA MSA",surf,20,500,50,15360,0.03,0.03,10
1035,591.96,66.0,15500.04,24.60637812500001,surf,91.96000000000004,16.0,140.04000000000087,2.758800000000001,0.48,1.3675781250000083,67,"Charlotte-Concord-Gastonia, NC-SC MSA",surf,20,500,50,15360,0.03,0.03,10
1036,2648.38,438.0,78099.96,393.8864453125,ultimate,0.0,0.0,47379.96000000001,0.0,0.0,323.88644531250003,70,"Denver-Aurora-Lakewood, CO MSA",ultimate,70,3000,1000,30720,0.01,0.01,7
1037,437.66,44.0,14370.44,70.0,ultimate,0.0,0.0,0.0,0.0,0.0,0.0,20,"Seattle-Tacoma-Bellevue, WA MSA",ultimate,70,3000,1000,30720,0.01,0.01,7
1038,1006.29,255.0,105265.85,579.5907714843751,ultimate,0.0,0.0,74545.85,0.0,0.0,509.5907714843751,32,"Nashville-Davidson–Murfreesboro–Franklin, TN MSA",ultimate,70,3000,1000,30720,0.01,0.01,7
1039,3037.61,147.0,127823.39,734.1688050781249,ultimate,37.61000000000013,0.0,97103.39,0.3761000000000012,0.0,663.792705078125,56,"Columbus, OH MSA",ultimate,70,3000,1000,30720,0.01,0.01,7
1040,280.93,0.0,16961.4,35.638671875000014,surf,0.0,0.0,1601.4000000000017,0.0,0.0,15.638671875000014,72,"Philadelphia-Camden-Wilmington, PA-NJ-DE-MD MSA",surf,20,500,50,15360,0.03,0.03,10
1041,3474.59,0.0,191599.12,1174.5055093749995,ultimate,474.59000000000015,0.0,160879.12,4.745900000000002,0.0,1099.759609375,58,"Las Vegas-Henderson-Paradise, NV MSA",ultimate,70,3000,1000,30720,0.01,0.01,7
1042,3454.4,0.0,89795.43,835.5404960937499,surf,2954.4,0.0,74435.43,88.632,0.0,726.9084960937499,40,"Philadelphia-Camden-Wilmington, PA-NJ-DE-MD MSA",surf,20,500,50,15360,0.03,0.03,10
1043,1242.27,599.0,204237.44,1256.154375,ultimate,0.0,0.0,173517.44,0.0,0.0,1186.154375,42,"New York-Newark-Jersey City, NY-NJ-PA MSA",ultimate,70,3000,1000,30720,0.01,0.01,7
1044,1096.11,160.0,83106.74,702.7725578125,surf,596.1099999999999,110.0,67746.74,17.883299999999995,3.3,661.5892578125,74,"Albuquerque, NM MSA",surf,20,500,50,15360,0.03,0.03,10
1045,1413.01,130.0,51062.25,398.44508515625,surf,913.01,80.0,35702.25,27.3903,2.4,348.65478515625,20,"New York-Newark-Jersey City, NY-NJ-PA MSA",surf,20,500,50,15360,0.03,0.03,10
1046,3312.11,238.0,147555.67,1400.9766398437505,surf,2812.11,188.0,132195.67,84.3633,5.64,1290.9733398437502,67,"Boston-Cambridge-Newton, MA-NH MSA",surf,20,500,50,15360,0.03,0.03,10
1047,349.48,7.0,17146.8,70.0,ultimate,0.0,0.0,0.0,0.0,0.0,0.0,22,"Indianapolis-Carmel-Anderson, IN MSA",ultimate,70,3000,1000,30720,0.01,0.01,7
1048,905.25,0.0,43302.69,305.03533203125005,surf,405.25,0.0,27942.69,12.1575,0.0,272.87783203125,42,"Miami-Fort Lauderdale-West Palm Beach, FL MSA",surf,20,500,50,15360,0.03,0.03,10
1049,2688.88,0.0,74030.83,658.62372421875,surf,2188.88,0.0,58670.83,65.6664,0.0,572.95732421875,25,"New York-Newark-Jersey City, NY-NJ-PA MSA",surf,20,500,50,15360,0.03,0.03,10
1050,3336.07,0.0,155991.0,929.7054265625,ultimate,336.07000000000016,0.0,125271.0,3.360700000000002,0.0,856.3447265625,23,"Miami-Fort Lauderdale-West Palm Beach, FL MSA",ultimate,70,3000,1000,30720,0.01,0.01,7
1051,164.92000000000002,60.0,10369.73,20.3,surf,0.0,10.0,0.0,0.0,0.3,0.0,55,"San Diego-Chula Vista-Carlsbad, CA MSA",surf,20,500,50,15360,0.03,0.03,10
1052,1333.32,318.0,31284.15,208.54887734375,surf,833.3199999999999,268.0,15924.15,24.9996,8.04,155.50927734375,47,"Houston-The Woodlands-Sugar Land, TX MSA",surf,20,500,50,15360,0.03,0.03,10
1053,2046.21,75.0,97132.25,865.69342890625,surf,1546.21,25.0,81772.25,46.3863,0.75,798.55712890625,27,"New York-Newark-Jersey City, NY-NJ-PA MSA",surf,20,500,50,15360,0.03,0.03,10
1054,2103.11,246.0,171648.65,1600.22964765625,surf,1603.11,196.0,156288.65,48.0933,5.88,1526.25634765625,50,"Phoenix-Mesa-Chandler, AZ MSA",surf,20,500,50,15360,0.03,0.03,10
1055,1814.32,608.0,113585.68,1035.40475625,surf,1314.32,558.0,98225.68,39.42959999999999,16.74,959.23515625,52,"Portland-Vancouver-Hillsboro, OR-WA MSA",surf,20,500,50,15360,0.03,0.03,10
1056,1841.32,186.0,103250.11,922.62145546875,surf,1341.32,136.0,87890.11,40.2396,4.08,858.30185546875,33,"Cincinnati, OH-KY-IN MSA",surf,20,500,50,15360,0.03,0.03,10
1057,3277.49,400.0,91832.66,490.53722421875,ultimate,277.4899999999998,0.0,61112.66,2.774899999999998,0.0,417.76232421875,18,"Atlanta-Sandy Springs-Roswell, GA MSA",ultimate,70,3000,1000,30720,0.01,0.01,7
1058,1148.86,55.0,17019.15,55.818436718750014,surf,648.8599999999999,5.0,1659.1500000000017,19.4658,0.15,16.202636718750014,59,"Los Angeles-Long Beach-Anaheim, CA MSA",surf,20,500,50,15360,0.03,0.03,10
1059,6006.06,533.0,120820.2,715.9799359375,ultimate,3006.0600000000004,0.0,90100.2,30.060600000000004,0.0,615.9193359375,34,"Chicago-Naperville-Elgin, IL-IN-WI MSA",ultimate,70,3000,1000,30720,0.01,0.01,7
1060,3007.15,330.0,107380.33,1002.25053515625,surf,2507.15,280.0,92020.33,75.2145,8.4,898.63603515625,53,"Atlanta-Sandy Springs-Roswell, GA MSA",surf,20,500,50,15360,0.03,0.03,10
1061,4660.8,522.0,171688.77,1050.2617011718748,ultimate,1660.8000000000002,0.0,140968.77,16.608,0.0,963.6537011718748,38,"Columbia, SC MSA",ultimate,70,3000,1000,30720,0.01,0.01,7
1062,2335.11,80.0,148236.62,873.33626953125,ultimate,0.0,0.0,117516.62,0.0,0.0,803.33626953125,41,"San Antonio-New Braunfels, TX MSA",ultimate,70,3000,1000,30720,0.01,0.01,7
1063,158.24,0.0,20931.24,70.0,ultimate,0.0,0.0,0.0,0.0,0.0,0.0,60,"New York-Newark-Jersey City, NY-NJ-PA MSA",ultimate,70,3000,1000,30720,0.01,0.01,7
1064,3229.99,133.0,112989.09,1057.79878203125,surf,2729.99,83.0,97629.09,81.8997,2.49,953.40908203125,46,"New York-Newark-Jersey City, NY-NJ-PA MSA",surf,20,500,50,15360,0.03,0.03,10
1065,1925.68,100.0,64225.1,541.4686421875,surf,1425.68,50.0,48865.1,42.7704,1.5,477.1982421875,26,"Los Angeles-Long Beach-Anaheim, CA MSA",surf,20,500,50,15360,0.03,0.03,10
1066,4042.38,336.0,194480.2,1884.072103125,surf,3542.38,286.0,179120.2,106.2714,8.58,1749.220703125,61,"Boston-Cambridge-Newton, MA-NH MSA",surf,20,500,50,15360,0.03,0.03,10
1067,1232.88,99.0,60979.41,488.95845078125,surf,732.8800000000001,49.0,45619.41,21.986400000000003,1.47,445.50205078125,37,"Grand Rapids-Kentwood, MI MSA",surf,20,500,50,15360,0.03,0.03,10
1068,1716.6,0.0,113393.52,1013.85659375,surf,1216.6,0.0,98033.52,36.498,0.0,957.35859375,47,"New York-Newark-Jersey City, NY-NJ-PA MSA",surf,20,500,50,15360,0.03,0.03,10
1069,2005.57,370.0,46150.44,175.48152343750002,ultimate,0.0,0.0,15430.440000000002,0.0,0.0,105.48152343750002,31,"Houston-The Woodlands-Sugar Land, TX MSA",ultimate,70,3000,1000,30720,0.01,0.01,7
1070,297.04,17.0,15401.48,20.405078125,surf,0.0,0.0,41.47999999999956,0.0,0.0,0.4050781249999957,66,"Chicago-Naperville-Elgin, IL-IN-WI MSA",surf,20,500,50,15360,0.03,0.03,10
1071,3354.34,0.0,112746.7,1056.6721921875,surf,2854.34,0.0,97386.7,85.6302,0.0,951.0419921875,29,"New York-Newark-Jersey City, NY-NJ-PA MSA",surf,20,500,50,15360,0.03,0.03,10
1072,2903.36,94.0,164408.85,1548.97597578125,surf,2403.36,44.0,149048.85,72.1008,1.3199999999999998,1455.55517578125,66,"Dallas-Fort Worth-Arlington, TX MSA",surf,20,500,50,15360,0.03,0.03,10
1073,2472.99,0.0,128858.63,1187.57475859375,surf,1972.99,0.0,113498.63,59.18969999999999,0.0,1108.38505859375,30,"Chicago-Naperville-Elgin, IL-IN-WI MSA",surf,20,500,50,15360,0.03,0.03,10
1074,684.92,0.0,11669.33,70.0,ultimate,0.0,0.0,0.0,0.0,0.0,0.0,69,"Knoxville, TN MSA",ultimate,70,3000,1000,30720,0.01,0.01,7
1075,647.82,244.0,45642.87,325.98575234375,surf,147.82000000000005,194.0,30282.870000000003,4.434600000000001,5.819999999999999,295.73115234375,35,"Philadelphia-Camden-Wilmington, PA-NJ-DE-MD MSA",surf,20,500,50,15360,0.03,0.03,10
1076,1770.87,740.0,106836.15,972.14787734375,surf,1270.87,690.0,91476.15,38.1261,20.7,893.32177734375,51,"Buffalo-Cheektowaga, NY MSA",surf,20,500,50,15360,0.03,0.03,10
1077,8024.09,0.0,228772.19,1474.113292578125,ultimate,5024.09,0.0,198052.19,50.2409,0.0,1353.872392578125,23,"Charlotte-Concord-Gastonia, NC-SC MSA",ultimate,70,3000,1000,30720,0.01,0.01,7
1078,168.7,68.0,20678.28,72.47632812499998,surf,0.0,18.0,5318.279999999999,0.0,0.54,51.93632812499999,47,"Seattle-Tacoma-Bellevue, WA MSA",surf,20,500,50,15360,0.03,0.03,10
1079,3575.19,396.0,85673.28,809.2888250000001,surf,3075.19,346.0,70313.28,92.2557,10.38,686.653125,48,"New York-Newark-Jersey City, NY-NJ-PA MSA",surf,20,500,50,15360,0.03,0.03,10
1080,0.0,265.0,134284.33,1187.82041015625,surf,0.0,215.0,118924.33,0.0,6.45,1161.3704101562498,45,"New York-Newark-Jersey City, NY-NJ-PA MSA",surf,20,500,50,15360,0.03,0.03,10
1081,1775.22,231.0,128554.92,1169.105740625,surf,1275.22,181.0,113194.92,38.2566,5.43,1105.419140625,44,"Dallas-Fort Worth-Arlington, TX MSA",surf,20,500,50,15360,0.03,0.03,10
1082,5088.37,243.0,144900.36,1428.483678125,surf,4588.37,193.0,129540.36,137.6511,5.79,1265.042578125,64,"Memphis, TN-MS-AR MSA",surf,20,500,50,15360,0.03,0.03,10
1083,892.87,24.0,41719.78,289.2058265625,surf,392.87,0.0,26359.78,11.7861,0.0,257.4197265625,65,"Los Angeles-Long Beach-Anaheim, CA MSA",surf,20,500,50,15360,0.03,0.03,10
1084,1745.18,210.0,56279.67,461.76155234374994,surf,1245.18,160.0,40919.67,37.3554,4.8,399.60615234375,21,"Miami-Fort Lauderdale-West Palm Beach, FL MSA",surf,20,500,50,15360,0.03,0.03,10
1085,2020.03,0.0,97308.64,525.19578125,ultimate,0.0,0.0,66588.64,0.0,0.0,455.19578125,48,"Atlanta-Sandy Springs-Roswell, GA MSA",ultimate,70,3000,1000,30720,0.01,0.01,7
1086,317.22,74.0,24775.81,70.0,ultimate,0.0,0.0,0.0,0.0,0.0,0.0,36,"New York-Newark-Jersey City, NY-NJ-PA MSA",ultimate,70,3000,1000,30720,0.01,0.01,7
1087,552.78,65.0,19212.9,59.659376562500015,surf,52.77999999999997,15.0,3852.9000000000015,1.583399999999999,0.4499999999999999,37.625976562500014,45,"Washington-Arlington-Alexandria, DC-VA-MD-WV MSA",surf,20,500,50,15360,0.03,0.03,10
1088,1522.51,358.0,116574.92,656.8988671875,ultimate,0.0,0.0,85854.92,0.0,0.0,586.8988671875,64,"Phoenix-Mesa-Chandler, AZ MSA",ultimate,70,3000,1000,30720,0.01,0.01,7
1089,0.0,27.0,16597.91,32.08896484375,surf,0.0,0.0,1237.91,0.0,0.0,12.08896484375,70,"Philadelphia-Camden-Wilmington, PA-NJ-DE-MD MSA",surf,20,500,50,15360,0.03,0.03,10
1090,2586.73,189.0,141320.23,1316.85227109375,surf,2086.73,139.0,125960.23,62.6019,4.17,1230.08037109375,30,"Indianapolis-Carmel-Anderson, IN MSA",surf,20,500,50,15360,0.03,0.03,10
1091,796.43,86.0,10035.01,70.0,ultimate,0.0,0.0,0.0,0.0,0.0,0.0,38,"Riverside-San Bernardino-Ontario, CA MSA",ultimate,70,3000,1000,30720,0.01,0.01,7
1092,579.09,19.0,22419.61,91.31420390625,surf,79.09000000000003,0.0,7059.610000000001,2.372700000000001,0.0,68.94150390625,26,"Dallas-Fort Worth-Arlington, TX MSA",surf,20,500,50,15360,0.03,0.03,10
1093,230.96,17.0,4837.79,20.0,surf,0.0,0.0,0.0,0.0,0.0,0.0,69,"Nashville-Davidson–Murfreesboro–Franklin, TN MSA",surf,20,500,50,15360,0.03,0.03,10
1094,1607.34,99.0,54134.32,433.34566875,surf,1107.34,49.0,38774.32,33.2202,1.47,378.65546875,54,"Los Angeles-Long Beach-Anaheim, CA MSA",surf,20,500,50,15360,0.03,0.03,10
1095,1026.75,95.0,127592.69,1133.1748632812498,surf,526.75,45.0,112232.69,15.8025,1.35,1096.02236328125,55,"Louisville/Jefferson County, KY-IN MSA",surf,20,500,50,15360,0.03,0.03,10
1096,132.23,14.0,7159.74,70.0,ultimate,0.0,0.0,0.0,0.0,0.0,0.0,28,"New York-Newark-Jersey City, NY-NJ-PA MSA",ultimate,70,3000,1000,30720,0.01,0.01,7
1097,2860.15,0.0,73113.4,654.802546875,surf,2360.15,0.0,57753.4,70.8045,0.0,563.998046875,27,"Washington-Arlington-Alexandria, DC-VA-MD-WV MSA",surf,20,500,50,15360,0.03,0.03,10
1098,2286.65,426.0,137756.97,1280.16241015625,surf,1786.65,376.0,122396.97,53.5995,11.28,1195.28291015625,33,"Albany-Schenectady-Troy, NY MSA",surf,20,500,50,15360,0.03,0.03,10
1099,5079.93,239.0,171442.81,1687.31409140625,surf,4579.93,189.0,156082.81,137.3979,5.67,1524.24619140625,48,"New York-Newark-Jersey City, NY-NJ-PA MSA",surf,20,500,50,15360,0.03,0.03,10
1100,1555.39,265.0,97397.07,859.2549617187501,surf,1055.39,215.0,82037.07,31.661700000000003,6.45,801.1432617187501,65,"New York-Newark-Jersey City, NY-NJ-PA MSA",surf,20,500,50,15360,0.03,0.03,10
1101,3307.1,648.0,112918.03,1074.86813671875,surf,2807.1,598.0,97558.03,84.213,17.939999999999998,952.71513671875,27,"Washington-Arlington-Alexandria, DC-VA-MD-WV MSA",surf,20,500,50,15360,0.03,0.03,10
1102,407.73,45.0,6491.35,70.0,ultimate,0.0,0.0,0.0,0.0,0.0,0.0,30,"Riverside-San Bernardino-Ontario, CA MSA",ultimate,70,3000,1000,30720,0.01,0.01,7
1103,1600.51,140.0,91026.96,794.65045625,surf,1100.51,90.0,75666.96,33.0153,2.7,738.9351562500001,28,"Seattle-Tacoma-Bellevue, WA MSA",surf,20,500,50,15360,0.03,0.03,10
1104,8.73,25.0,9360.99,70.0,ultimate,0.0,0.0,0.0,0.0,0.0,0.0,20,"Chicago-Naperville-Elgin, IL-IN-WI MSA",ultimate,70,3000,1000,30720,0.01,0.01,7
1105,2026.64,243.0,32589.41,239.84515703125,surf,1526.64,193.0,17229.41,45.7992,5.79,168.25595703125,57,"Providence-Warwick, RI-MA MSA",surf,20,500,50,15360,0.03,0.03,10
1106,3772.97,0.0,168961.82,1618.2068734375002,surf,3272.9700000000003,0.0,153601.82,98.1891,0.0,1500.0177734375002,47,"New York-Newark-Jersey City, NY-NJ-PA MSA",surf,20,500,50,15360,0.03,0.03,10
1107,357.34,65.0,23632.23,70.0,ultimate,0.0,0.0,0.0,0.0,0.0,0.0,61,"New York-Newark-Jersey City, NY-NJ-PA MSA",ultimate,70,3000,1000,30720,0.01,0.01,7
1108,0.0,0.0,233.17,70.0,ultimate,0.0,0.0,0.0,0.0,0.0,0.0,45,"Salt Lake City, UT MSA",ultimate,70,3000,1000,30720,0.01,0.01,7
1109,3977.6,0.0,109740.51,1046.01266796875,surf,3477.6,0.0,94380.51,104.328,0.0,921.68466796875,41,"New York-Newark-Jersey City, NY-NJ-PA MSA",surf,20,500,50,15360,0.03,0.03,10
1110,2852.62,416.0,163687.8,1550.072271875,surf,2352.62,366.0,148327.8,70.5786,10.98,1448.513671875,65,"Washington-Arlington-Alexandria, DC-VA-MD-WV MSA",surf,20,500,50,15360,0.03,0.03,10
1111,1076.69,322.0,55165.48,434.186090625,surf,576.69,272.0,39805.48,17.300700000000003,8.16,388.7253906250001,75,"Urban Honolulu, HI MSA",surf,20,500,50,15360,0.03,0.03,10
1112,2257.21,114.0,35529.08,102.8745703125,ultimate,0.0,0.0,4809.080000000002,0.0,0.0,32.87457031250001,18,"Grand Rapids-Kentwood, MI MSA",ultimate,70,3000,1000,30720,0.01,0.01,7
1113,3284.67,277.0,95763.87,517.4825300781249,ultimate,284.6700000000001,0.0,65043.87,2.8467000000000007,0.0,444.63583007812497,27,"New York-Newark-Jersey City, NY-NJ-PA MSA",ultimate,70,3000,1000,30720,0.01,0.01,7
1114,3554.58,464.0,102347.34,973.5431421875,surf,3054.58,414.0,86987.34,91.6374,12.42,849.4857421874999,55,"New York-Newark-Jersey City, NY-NJ-PA MSA",surf,20,500,50,15360,0.03,0.03,10
1115,1159.47,152.0,24407.38,131.1974203125,surf,659.47,102.0,9047.38,19.7841,3.06,88.35332031250002,21,"El Paso, TX MSA",surf,20,500,50,15360,0.03,0.03,10
1116,345.44,19.0,15068.74,20.0,surf,0.0,0.0,0.0,0.0,0.0,0.0,60,"Cincinnati, OH-KY-IN MSA",surf,20,500,50,15360,0.03,0.03,10
1117,2610.2,0.0,140928.97,1309.56547265625,surf,2110.2,0.0,125568.97,63.30599999999999,0.0,1226.25947265625,49,"Dallas-Fort Worth-Arlington, TX MSA",surf,20,500,50,15360,0.03,0.03,10
1118,862.78,17.0,15963.98,36.7816421875,surf,362.78,0.0,603.9799999999996,10.883399999999998,0.0,5.898242187499996,28,"Columbus, OH MSA",surf,20,500,50,15360,0.03,0.03,10
1119,1153.95,366.0,3312.99,49.0985,surf,653.95,316.0,0.0,19.6185,9.48,0.0,60,"Louisville/Jefferson County, KY-IN MSA",surf,20,500,50,15360,0.03,0.03,10
1120,3306.0,417.0,194813.98,1867.6702734375,surf,2806.0,367.0,179453.98,84.17999999999999,11.01,1752.4802734375,33,"New York-Newark-Jersey City, NY-NJ-PA MSA",surf,20,500,50,15360,0.03,0.03,10
1121,0.0,98.0,68100.54,536.4843359375,surf,0.0,48.0,52740.53999999999,0.0,1.44,515.0443359374999,34,"Miami-Fort Lauderdale-West Palm Beach, FL MSA",surf,20,500,50,15360,0.03,0.03,10
1122,3151.6,160.0,152135.65,1438.54770703125,surf,2651.6,110.0,136775.65,79.54799999999999,3.3,1335.69970703125,57,"Miami-Fort Lauderdale-West Palm Beach, FL MSA",surf,20,500,50,15360,0.03,0.03,10
1123,3195.51,182.0,139803.89,1320.09766328125,surf,2695.51,132.0,124443.89,80.8653,3.96,1215.27236328125,66,"Philadelphia-Camden-Wilmington, PA-NJ-DE-MD MSA",surf,20,500,50,15360,0.03,0.03,10
1124,1178.22,219.0,16080.22,70.0,ultimate,0.0,0.0,0.0,0.0,0.0,0.0,48,"New Haven-Milford, CT MSA",ultimate,70,3000,1000,30720,0.01,0.01,7
1125,489.51,54.0,22697.1,91.7713671875,surf,0.0,4.0,7337.0999999999985,0.0,0.12,71.65136718749999,39,"North Port-Sarasota-Bradenton, FL MSA",surf,20,500,50,15360,0.03,0.03,10
1126,5800.05,569.0,183729.34,1143.96278515625,ultimate,2800.05,0.0,153009.34,28.0005,0.0,1045.96228515625,68,"Chicago-Naperville-Elgin, IL-IN-WI MSA",ultimate,70,3000,1000,30720,0.01,0.01,7
1127,1407.08,76.0,151919.03,1381.57667734375,surf,907.08,26.0,136559.03,27.212399999999995,0.78,1333.58427734375,28,"New York-Newark-Jersey City, NY-NJ-PA MSA",surf,20,500,50,15360,0.03,0.03,10
1128,357.25,294.0,124760.04,712.8518359374999,ultimate,0.0,0.0,94040.04,0.0,0.0,642.8518359374999,41,"Knoxville, TN MSA",ultimate,70,3000,1000,30720,0.01,0.01,7
1129,0.0,0.0,0.0,20.0,surf,0.0,0.0,0.0,0.0,0.0,0.0,70,"Baton Rouge, LA MSA",surf,20,500,50,15360,0.03,0.03,10
1130,1717.72,336.0,65214.71,551.9740023437499,surf,1217.72,286.0,49854.71,36.5316,8.58,486.86240234375,27,"Philadelphia-Camden-Wilmington, PA-NJ-DE-MD MSA",surf,20,500,50,15360,0.03,0.03,10
1131,0.0,216.0,115737.76,1005.2315625,surf,0.0,166.0,100377.76,0.0,4.98,980.2515625,60,"Los Angeles-Long Beach-Anaheim, CA MSA",surf,20,500,50,15360,0.03,0.03,10
1132,5546.62,0.0,213787.95,1346.9072644531252,ultimate,2546.62,0.0,183067.95,25.4662,0.0,1251.4410644531251,39,"San Francisco-Oakland-Berkeley, CA MSA",ultimate,70,3000,1000,30720,0.01,0.01,7
1133,1366.64,455.0,83193.17,428.703310546875,ultimate,0.0,0.0,52473.17,0.0,0.0,358.703310546875,50,"Cincinnati, OH-KY-IN MSA",ultimate,70,3000,1000,30720,0.01,0.01,7
1134,929.65,61.0,81335.59,677.51237109375,surf,429.65,11.0,65975.59,12.889499999999998,0.3299999999999999,644.2928710937499,71,"Chicago-Naperville-Elgin, IL-IN-WI MSA",surf,20,500,50,15360,0.03,0.03,10
1135,133.8,0.0,6921.2,70.0,ultimate,0.0,0.0,0.0,0.0,0.0,0.0,51,"Miami-Fort Lauderdale-West Palm Beach, FL MSA",ultimate,70,3000,1000,30720,0.01,0.01,7
1136,916.62,127.0,55522.3,427.0185609375,surf,416.62,77.0,40162.3,12.4986,2.31,392.2099609375,25,"Knoxville, TN MSA",surf,20,500,50,15360,0.03,0.03,10
1137,0.0,168.0,16833.26,37.92730468749998,surf,0.0,118.0,1473.2599999999984,0.0,3.54,14.387304687499984,20,"Chicago-Naperville-Elgin, IL-IN-WI MSA",surf,20,500,50,15360,0.03,0.03,10
1138,4002.2,120.0,207230.1,2000.8974453125,surf,3502.2,70.0,191870.1,105.066,2.1,1873.7314453125,66,"Riverside-San Bernardino-Ontario, CA MSA",surf,20,500,50,15360,0.03,0.03,10
1139,465.04,82.0,24282.45,108.09330078125,surf,0.0,32.0,8922.45,0.0,0.96,87.13330078125,66,"New Orleans-Metairie, LA MSA",surf,20,500,50,15360,0.03,0.03,10
1140,3304.02,65.0,89300.68,826.647553125,surf,2804.02,15.0,73940.68,84.1206,0.4499999999999999,722.0769531249999,53,"New York-Newark-Jersey City, NY-NJ-PA MSA",surf,20,500,50,15360,0.03,0.03,10
1141,4898.71,120.0,98182.88,962.8784875,surf,4398.71,70.0,82822.88,131.9613,2.1,808.8171875,46,"New York-Newark-Jersey City, NY-NJ-PA MSA",surf,20,500,50,15360,0.03,0.03,10
1142,1620.82,181.0,76552.43,655.13692421875,surf,1120.82,131.0,61192.42999999999,33.624599999999994,3.93,597.5823242187499,18,"New Orleans-Metairie, LA MSA",surf,20,500,50,15360,0.03,0.03,10
1143,0.0,0.0,0.0,20.0,surf,0.0,0.0,0.0,0.0,0.0,0.0,69,"Cincinnati, OH-KY-IN MSA",surf,20,500,50,15360,0.03,0.03,10
1144,4382.09,601.0,0.0,83.8209,ultimate,1382.09,0.0,0.0,13.820900000000002,0.0,0.0,65,"New York-Newark-Jersey City, NY-NJ-PA MSA",ultimate,70,3000,1000,30720,0.01,0.01,7
1145,2348.74,448.0,121862.41,1127.46479765625,surf,1848.74,398.0,106502.41,55.46219999999999,11.94,1040.06259765625,29,"San Jose-Sunnyvale-Santa Clara, CA MSA",surf,20,500,50,15360,0.03,0.03,10
1146,1064.85,238.0,49409.76,375.1026875,surf,564.8499999999999,188.0,34049.76,16.945499999999996,5.64,332.51718750000003,42,"New York-Newark-Jersey City, NY-NJ-PA MSA",surf,20,500,50,15360,0.03,0.03,10
1147,5822.43,203.0,257374.65,2547.68721640625,surf,5322.43,153.0,242014.65,159.6729,4.59,2363.42431640625,71,"Urban Honolulu, HI MSA",surf,20,500,50,15360,0.03,0.03,10
1148,1002.6,123.0,31554.9,195.4213203125,surf,502.6,73.0,16194.9,15.078,2.19,158.1533203125,67,"Columbia, SC MSA",surf,20,500,50,15360,0.03,0.03,10
1149,1692.35,0.0,35038.4,247.942375,surf,1192.35,0.0,19678.4,35.7705,0.0,192.171875,54,"San Francisco-Oakland-Berkeley, CA MSA",surf,20,500,50,15360,0.03,0.03,10
1150,1624.44,0.0,50323.71,204.009736328125,ultimate,0.0,0.0,19603.71,0.0,0.0,134.009736328125,46,"Houston-The Woodlands-Sugar Land, TX MSA",ultimate,70,3000,1000,30720,0.01,0.01,7
1151,2367.74,260.0,69502.66,611.0691140625001,surf,1867.74,210.0,54142.66,56.0322,6.3,528.7369140625001,21,"New York-Newark-Jersey City, NY-NJ-PA MSA",surf,20,500,50,15360,0.03,0.03,10
1152,1302.2,0.0,32695.25,213.35555078125,surf,802.2,0.0,17335.25,24.066,0.0,169.28955078125,35,"Orlando-Kissimmee-Sanford, FL MSA",surf,20,500,50,15360,0.03,0.03,10
1153,3993.02,0.0,86734.12,821.803490625,surf,3493.02,0.0,71374.12,104.7906,0.0,697.012890625,30,"Bridgeport-Stamford-Norwalk, CT MSA",surf,20,500,50,15360,0.03,0.03,10
1154,851.23,225.0,46850.22,180.26517578125,ultimate,0.0,0.0,16130.22,0.0,0.0,110.26517578125,53,"Nashville-Davidson–Murfreesboro–Franklin, TN MSA",ultimate,70,3000,1000,30720,0.01,0.01,7
1155,2318.49,355.0,226437.93,1407.915537109375,ultimate,0.0,0.0,195717.93,0.0,0.0,1337.915537109375,19,"Miami-Fort Lauderdale-West Palm Beach, FL MSA",ultimate,70,3000,1000,30720,0.01,0.01,7
1156,3845.58,0.0,171285.53,1643.07765390625,surf,3345.58,0.0,155925.53,100.3674,0.0,1522.71025390625,71,"Albuquerque, NM MSA",surf,20,500,50,15360,0.03,0.03,10
1157,2440.75,0.0,59579.82,510.0566796875,surf,1940.75,0.0,44219.82,58.2225,0.0,431.8341796875,63,"Los Angeles-Long Beach-Anaheim, CA MSA",surf,20,500,50,15360,0.03,0.03,10
1158,451.36,0.0,21244.74,70.0,ultimate,0.0,0.0,0.0,0.0,0.0,0.0,20,"Virginia Beach-Norfolk-Newport News, VA-NC MSA",ultimate,70,3000,1000,30720,0.01,0.01,7
1159,4101.6,490.0,67081.84,329.583265625,ultimate,1101.6000000000004,0.0,36361.84,11.016000000000004,0.0,248.567265625,58,"Miami-Fort Lauderdale-West Palm Beach, FL MSA",ultimate,70,3000,1000,30720,0.01,0.01,7
1160,4864.0,135.0,167495.68,1639.1699999999998,surf,4364.0,85.0,152135.68,130.92,2.55,1485.6999999999998,44,"Portland-Vancouver-Hillsboro, OR-WA MSA",surf,20,500,50,15360,0.03,0.03,10
1161,789.55,2.0,14655.96,70.0,ultimate,0.0,0.0,0.0,0.0,0.0,0.0,52,"New York-Newark-Jersey City, NY-NJ-PA MSA",ultimate,70,3000,1000,30720,0.01,0.01,7
1162,1018.99,96.0,47883.79,187.330595703125,ultimate,0.0,0.0,17163.79,0.0,0.0,117.330595703125,20,"Los Angeles-Long Beach-Anaheim, CA MSA",ultimate,70,3000,1000,30720,0.01,0.01,7
1163,2495.69,30.0,95514.71,512.932587890625,ultimate,0.0,0.0,64794.71000000001,0.0,0.0,442.932587890625,27,"Los Angeles-Long Beach-Anaheim, CA MSA",ultimate,70,3000,1000,30720,0.01,0.01,7
1164,3182.31,225.0,124410.28,712.2839984374999,ultimate,182.30999999999997,0.0,93690.28,1.8230999999999995,0.0,640.4608984375,31,"Chicago-Naperville-Elgin, IL-IN-WI MSA",ultimate,70,3000,1000,30720,0.01,0.01,7
1165,298.01,68.0,38067.99,242.29771484375,surf,0.0,18.0,22707.99,0.0,0.54,221.75771484375,20,"Philadelphia-Camden-Wilmington, PA-NJ-DE-MD MSA",surf,20,500,50,15360,0.03,0.03,10
1166,720.29,0.0,84343.07,700.2714929687501,surf,220.29,0.0,68983.07,6.608699999999999,0.0,673.6627929687501,26,"Baltimore-Columbia-Towson, MD MSA",surf,20,500,50,15360,0.03,0.03,10
1167,4100.85,344.0,95237.18,916.8960859375,surf,3600.8500000000004,294.0,79877.18,108.0255,8.82,780.0505859374999,47,"Denver-Aurora-Lakewood, CO MSA",surf,20,500,50,15360,0.03,0.03,10
1168,276.28,14.0,7322.85,20.0,surf,0.0,0.0,0.0,0.0,0.0,0.0,58,"Milwaukee-Waukesha, WI MSA",surf,20,500,50,15360,0.03,0.03,10
1169,789.82,110.0,17431.28,50.72194375,surf,289.82000000000005,60.0,2071.279999999999,8.694600000000001,1.7999999999999998,20.22734374999999,67,"New York-Newark-Jersey City, NY-NJ-PA MSA",surf,20,500,50,15360,0.03,0.03,10
1170,2436.44,32.0,83908.32,747.5103875000001,surf,1936.44,0.0,68548.32,58.0932,0.0,669.4171875000001,18,"Pittsburgh, PA MSA",surf,20,500,50,15360,0.03,0.03,10
1171,3032.85,0.0,226250.32,2155.46128125,surf,2532.85,0.0,210890.32,75.98549999999999,0.0,2059.47578125,56,"Boston-Cambridge-Newton, MA-NH MSA",surf,20,500,50,15360,0.03,0.03,10
1172,2632.6,475.0,128928.23,1205.79274609375,surf,2132.6,425.0,113568.23,63.978,12.75,1109.06474609375,72,"Boston-Cambridge-Newton, MA-NH MSA",surf,20,500,50,15360,0.03,0.03,10
1173,1516.68,192.0,45654.57,350.60581015625,surf,1016.68,142.0,30294.57,30.5004,4.26,295.84541015625,27,"Oxnard-Thousand Oaks-Ventura, CA MSA",surf,20,500,50,15360,0.03,0.03,10
1174,4153.7,552.0,142528.17,1386.5476601562502,surf,3653.7,502.0,127168.17,109.611,15.06,1241.8766601562502,67,"Cleveland-Elyria, OH MSA",surf,20,500,50,15360,0.03,0.03,10
1175,1917.74,97.0,56448.34,465.1955203125,surf,1417.74,47.0,41088.34,42.5322,1.41,401.2533203125,25,"New York-Newark-Jersey City, NY-NJ-PA MSA",surf,20,500,50,15360,0.03,0.03,10
1176,1071.11,165.0,66790.3,542.8323234375,surf,571.1099999999999,115.0,51430.3,17.133299999999995,3.45,502.2490234375,75,"New York-Newark-Jersey City, NY-NJ-PA MSA",surf,20,500,50,15360,0.03,0.03,10
1177,665.63,44.0,37583.57,241.99595078125,surf,165.63,0.0,22223.57,4.9689,0.0,217.02705078125,33,"Seattle-Tacoma-Bellevue, WA MSA",surf,20,500,50,15360,0.03,0.03,10
1178,1185.45,136.0,52288.63,403.77465234375,surf,685.45,86.0,36928.63,20.5635,2.58,360.63115234375,53,"Cincinnati, OH-KY-IN MSA",surf,20,500,50,15360,0.03,0.03,10
1179,2479.69,90.0,77061.9,683.1483171875,surf,1979.69,40.0,61701.9,59.3907,1.2,602.5576171875,22,"Dallas-Fort Worth-Arlington, TX MSA",surf,20,500,50,15360,0.03,0.03,10
1180,581.19,76.0,11829.27,23.2157,surf,81.19000000000005,26.0,0.0,2.435700000000001,0.78,0.0,24,"New York-Newark-Jersey City, NY-NJ-PA MSA",surf,20,500,50,15360,0.03,0.03,10
1181,4545.55,221.0,140574.08,1369.2902499999998,surf,4045.55,171.0,125214.08,121.3665,5.13,1222.7937499999998,47,"New York-Newark-Jersey City, NY-NJ-PA MSA",surf,20,500,50,15360,0.03,0.03,10
1182,1541.58,14.0,136509.43,1234.3473023437498,surf,1041.58,0.0,121149.43,31.247399999999995,0.0,1183.0999023437498,39,"Charlotte-Concord-Gastonia, NC-SC MSA",surf,20,500,50,15360,0.03,0.03,10
1183,1364.07,237.0,45988.88,350.64225625,surf,864.0699999999999,187.0,30628.88,25.9221,5.609999999999999,299.11015625,71,"Chicago-Naperville-Elgin, IL-IN-WI MSA",surf,20,500,50,15360,0.03,0.03,10
1184,630.58,37.0,10254.82,70.0,ultimate,0.0,0.0,0.0,0.0,0.0,0.0,39,"Sacramento–Roseville–Folsom, CA MSA",ultimate,70,3000,1000,30720,0.01,0.01,7
1185,5524.35,0.0,0.0,95.2435,ultimate,2524.3500000000004,0.0,0.0,25.243500000000004,0.0,0.0,47,"Louisville/Jefferson County, KY-IN MSA",ultimate,70,3000,1000,30720,0.01,0.01,7
1186,85.11,13.0,1948.94,70.0,ultimate,0.0,0.0,0.0,0.0,0.0,0.0,55,"Las Vegas-Henderson-Paradise, NV MSA",ultimate,70,3000,1000,30720,0.01,0.01,7
1187,5030.19,90.0,169628.37,1663.63275078125,surf,4530.19,40.0,154268.37,135.9057,1.2,1506.52705078125,49,"Austin-Round Rock-Georgetown, TX MSA",surf,20,500,50,15360,0.03,0.03,10
1188,983.35,176.0,74130.37,366.75057617187497,ultimate,0.0,0.0,43410.37,0.0,0.0,296.75057617187497,31,"Richmond, VA MSA",ultimate,70,3000,1000,30720,0.01,0.01,7
1189,1189.21,134.0,63813.15,516.37159296875,surf,689.21,84.0,48453.15,20.6763,2.52,473.17529296875,75,"Columbus, OH MSA",surf,20,500,50,15360,0.03,0.03,10
1190,188.8,3.0,14191.43,70.0,ultimate,0.0,0.0,0.0,0.0,0.0,0.0,56,"Virginia Beach-Norfolk-Newport News, VA-NC MSA",ultimate,70,3000,1000,30720,0.01,0.01,7
1191,3528.26,104.0,117940.91,671.519289453125,ultimate,528.2600000000002,0.0,87220.91,5.282600000000002,0.0,596.236689453125,75,"St. Louis, MO-IL MSA",ultimate,70,3000,1000,30720,0.01,0.01,7
1192,1532.88,84.0,23993.71,136.31997421875,surf,1032.88,34.0,8633.71,30.986400000000003,1.02,84.31357421874999,36,"Buffalo-Cheektowaga, NY MSA",surf,20,500,50,15360,0.03,0.03,10
1193,1214.35,358.0,104627.86,922.4269453125,surf,714.3499999999999,308.0,89267.86,21.430499999999995,9.24,871.7564453125,18,"Houston-The Woodlands-Sugar Land, TX MSA",surf,20,500,50,15360,0.03,0.03,10
1194,0.0,292.0,148495.93,1327.4155664062498,surf,0.0,242.0,133135.93,0.0,7.26,1300.1555664062498,40,"San Jose-Sunnyvale-Santa Clara, CA MSA",surf,20,500,50,15360,0.03,0.03,10
1195,2043.69,388.0,47484.0,390.1616375,surf,1543.69,338.0,32124.0,46.3107,10.14,313.7109375,60,"Portland-Vancouver-Hillsboro, OR-WA MSA",surf,20,500,50,15360,0.03,0.03,10
1196,6157.67,341.0,265744.06,1708.18648515625,ultimate,3157.67,0.0,235024.06,31.5767,0.0,1606.60978515625,46,"Los Angeles-Long Beach-Anaheim, CA MSA",ultimate,70,3000,1000,30720,0.01,0.01,7
1197,1310.04,22.0,28492.85,172.55168828125,surf,810.04,0.0,13132.85,24.3012,0.0,128.25048828125,56,"New York-Newark-Jersey City, NY-NJ-PA MSA",surf,20,500,50,15360,0.03,0.03,10
1198,1425.33,36.0,62513.35,508.24183359375,surf,925.33,0.0,47153.35,27.7599,0.0,460.48193359375,69,"New York-Newark-Jersey City, NY-NJ-PA MSA",surf,20,500,50,15360,0.03,0.03,10
1199,2277.17,351.0,87322.46,456.93087890625,ultimate,0.0,0.0,56602.46000000001,0.0,0.0,386.93087890625,39,"San Antonio-New Braunfels, TX MSA",ultimate,70,3000,1000,30720,0.01,0.01,7
1200,604.79,37.0,19571.37,64.27036015624999,surf,104.78999999999996,0.0,4211.369999999999,3.1436999999999986,0.0,41.12666015624999,45,"Boston-Cambridge-Newton, MA-NH MSA",surf,20,500,50,15360,0.03,0.03,10
1201,2946.94,47.0,205644.03,1951.65068046875,surf,2446.94,0.0,190284.03,73.4082,0.0,1858.24248046875,61,"Bridgeport-Stamford-Norwalk, CT MSA",surf,20,500,50,15360,0.03,0.03,10
1202,1592.78,0.0,35154.24,100.3121875,ultimate,0.0,0.0,4434.239999999998,0.0,0.0,30.312187499999983,36,"Minneapolis-St. Paul-Bloomington, MN-WI MSA",ultimate,70,3000,1000,30720,0.01,0.01,7
1203,4359.63,450.0,134995.18,1316.1012046874998,surf,3859.63,400.0,119635.18,115.7889,12.0,1168.3123046874998,50,"Boston-Cambridge-Newton, MA-NH MSA",surf,20,500,50,15360,0.03,0.03,10
1204,0.0,120.0,58077.0,257.0107421875,ultimate,0.0,0.0,27357.0,0.0,0.0,187.0107421875,44,"Chicago-Naperville-Elgin, IL-IN-WI MSA",ultimate,70,3000,1000,30720,0.01,0.01,7
1205,663.4399999999999,106.0,30155.01,171.06571953125004,surf,163.43999999999994,56.0,14795.010000000002,4.903199999999998,1.68,144.48251953125003,43,"New York-Newark-Jersey City, NY-NJ-PA MSA",surf,20,500,50,15360,0.03,0.03,10
1206,1838.09,159.0,152744.81,1405.0612351562502,surf,1338.09,109.0,137384.81,40.1427,3.27,1341.64853515625,21,"Providence-Warwick, RI-MA MSA",surf,20,500,50,15360,0.03,0.03,10
1207,165.39,9.0,8278.51,20.0,surf,0.0,0.0,0.0,0.0,0.0,0.0,63,"Omaha-Council Bluffs, NE-IA MSA",surf,20,500,50,15360,0.03,0.03,10
1208,478.76,0.0,16154.29,27.75673828125001,surf,0.0,0.0,794.2900000000009,0.0,0.0,7.756738281250008,44,"San Diego-Chula Vista-Carlsbad, CA MSA",surf,20,500,50,15360,0.03,0.03,10
1209,2851.34,125.0,86483.54000000001,787.3560203125002,surf,2351.34,75.0,71123.54000000001,70.5402,2.25,694.5658203125001,63,"Los Angeles-Long Beach-Anaheim, CA MSA",surf,20,500,50,15360,0.03,0.03,10
1210,1798.28,0.0,48893.1,386.4200796875,surf,1298.28,0.0,33533.1,38.9484,0.0,327.4716796875,30,"Oklahoma City, OK MSA",surf,20,500,50,15360,0.03,0.03,10
1211,1615.48,318.0,130473.86,751.91115234375,ultimate,0.0,0.0,99753.86,0.0,0.0,681.91115234375,60,"New York-Newark-Jersey City, NY-NJ-PA MSA",ultimate,70,3000,1000,30720,0.01,0.01,7
1212,1451.26,168.0,66997.1,556.3463546875,surf,951.26,118.0,51637.100000000006,28.5378,3.54,504.26855468750006,36,"Austin-Round Rock-Georgetown, TX MSA",surf,20,500,50,15360,0.03,0.03,10
1213,571.94,96.0,19967.74,70.0,ultimate,0.0,0.0,0.0,0.0,0.0,0.0,47,"San Diego-Chula Vista-Carlsbad, CA MSA",ultimate,70,3000,1000,30720,0.01,0.01,7
1214,4515.72,180.0,207920.48,1296.4886062500002,ultimate,1515.7200000000005,0.0,177200.48,15.157200000000003,0.0,1211.33140625,34,"San Francisco-Oakland-Berkeley, CA MSA",ultimate,70,3000,1000,30720,0.01,0.01,7
1215,2899.06,340.0,119204.97,1114.78283515625,surf,2399.06,290.0,103844.97,71.9718,8.7,1014.11103515625,70,"New York-Newark-Jersey City, NY-NJ-PA MSA",surf,20,500,50,15360,0.03,0.03,10
1216,1081.39,0.0,48337.83,359.49082109375,surf,581.3900000000001,0.0,32977.83,17.4417,0.0,322.04912109375005,29,"San Francisco-Oakland-Berkeley, CA MSA",surf,20,500,50,15360,0.03,0.03,10
1217,1651.64,0.0,62168.01,511.65867265625,surf,1151.64,0.0,46808.01,34.54919999999999,0.0,457.10947265625,69,"Dayton-Kettering, OH MSA",surf,20,500,50,15360,0.03,0.03,10
1218,297.31,32.0,13594.75,20.0,surf,0.0,0.0,0.0,0.0,0.0,0.0,23,"Bakersfield, CA MSA",surf,20,500,50,15360,0.03,0.03,10
1219,1248.27,42.0,35269.72,236.878959375,surf,748.27,0.0,19909.72,22.4481,0.0,194.430859375,51,"Detroit-Warren-Dearborn, MI MSA",surf,20,500,50,15360,0.03,0.03,10
1220,4478.86,276.0,151471.57,1475.3603507812502,surf,3978.86,226.0,136111.57,119.36579999999998,6.779999999999999,1329.2145507812502,26,"Cincinnati, OH-KY-IN MSA",surf,20,500,50,15360,0.03,0.03,10
1221,100.4,11.0,7904.0,20.0,surf,0.0,0.0,0.0,0.0,0.0,0.0,18,"Boston-Cambridge-Newton, MA-NH MSA",surf,20,500,50,15360,0.03,0.03,10
1222,3530.52,126.0,111215.18,1049.2813421874998,surf,3030.52,76.0,95855.18,90.9156,2.28,936.0857421875,18,"Los Angeles-Long Beach-Anaheim, CA MSA",surf,20,500,50,15360,0.03,0.03,10
1223,3602.55,154.0,134215.45,1276.89425390625,surf,3102.55,104.0,118855.45,93.0765,3.12,1160.69775390625,37,"Phoenix-Mesa-Chandler, AZ MSA",surf,20,500,50,15360,0.03,0.03,10
1224,845.86,230.0,81533.95,417.36098632812497,ultimate,0.0,0.0,50813.95,0.0,0.0,347.36098632812497,74,"Atlanta-Sandy Springs-Roswell, GA MSA",ultimate,70,3000,1000,30720,0.01,0.01,7
1225,467.3,0.0,14304.55,20.0,surf,0.0,0.0,0.0,0.0,0.0,0.0,41,"Columbia, SC MSA",surf,20,500,50,15360,0.03,0.03,10
1226,2709.92,0.0,104479.42,574.21478515625,ultimate,0.0,0.0,73759.42,0.0,0.0,504.21478515625,64,"Riverside-San Bernardino-Ontario, CA MSA",ultimate,70,3000,1000,30720,0.01,0.01,7
1227,336.33,27.0,18651.59,52.14443359375,surf,0.0,0.0,3291.59,0.0,0.0,32.14443359375,29,"Dallas-Fort Worth-Arlington, TX MSA",surf,20,500,50,15360,0.03,0.03,10
1228,773.49,6.0,30627.1,177.2974734375,surf,273.49,0.0,15267.1,8.2047,0.0,149.0927734375,26,"Detroit-Warren-Dearborn, MI MSA",surf,20,500,50,15360,0.03,0.03,10
1229,99.31,125.0,20551.61,70.0,ultimate,0.0,0.0,0.0,0.0,0.0,0.0,69,"Austin-Round Rock-Georgetown, TX MSA",ultimate,70,3000,1000,30720,0.01,0.01,7
1230,426.36,126.0,21637.87,70.0,ultimate,0.0,0.0,0.0,0.0,0.0,0.0,38,"New York-Newark-Jersey City, NY-NJ-PA MSA",ultimate,70,3000,1000,30720,0.01,0.01,7
1231,3383.28,21.0,117076.5,664.16043671875,ultimate,383.2800000000002,0.0,86356.5,3.832800000000002,0.0,590.32763671875,57,"San Jose-Sunnyvale-Santa Clara, CA MSA",ultimate,70,3000,1000,30720,0.01,0.01,7
1232,4790.59,19.0,145531.1,1419.9198484375,surf,4290.59,0.0,130171.1,128.7177,0.0,1271.2021484375,64,"Chicago-Naperville-Elgin, IL-IN-WI MSA",surf,20,500,50,15360,0.03,0.03,10
1233,715.47,0.0,50468.21,369.31771328125,surf,215.47000000000003,0.0,35108.21,6.4641,0.0,342.85361328125,33,"Atlanta-Sandy Springs-Roswell, GA MSA",surf,20,500,50,15360,0.03,0.03,10
1234,476.41,53.0,9299.3,70.0,ultimate,0.0,0.0,0.0,0.0,0.0,0.0,19,"Seattle-Tacoma-Bellevue, WA MSA",ultimate,70,3000,1000,30720,0.01,0.01,7
1235,456.02,61.0,20491.17,70.43908203124998,surf,0.0,11.0,5131.169999999998,0.0,0.3299999999999999,50.10908203124998,50,"Minneapolis-St. Paul-Bloomington, MN-WI MSA",surf,20,500,50,15360,0.03,0.03,10
1236,4259.1,244.0,150632.78,902.30726953125,ultimate,1259.1000000000004,0.0,119912.78,12.591000000000005,0.0,819.71626953125,74,"Minneapolis-St. Paul-Bloomington, MN-WI MSA",ultimate,70,3000,1000,30720,0.01,0.01,7
1237,2724.16,140.0,47294.26,183.30060546875,ultimate,0.0,0.0,16574.260000000002,0.0,0.0,113.30060546875,50,"New York-Newark-Jersey City, NY-NJ-PA MSA",ultimate,70,3000,1000,30720,0.01,0.01,7
1238,884.91,0.0,45129.13,322.26146015625,surf,384.91,0.0,29769.13,11.547299999999998,0.0,290.71416015625,42,"Dallas-Fort Worth-Arlington, TX MSA",surf,20,500,50,15360,0.03,0.03,10
1239,1525.87,0.0,44969.52,339.93156874999994,surf,1025.87,0.0,29609.52,30.776100000000003,0.0,289.15546874999995,24,"Fresno, CA MSA",surf,20,500,50,15360,0.03,0.03,10
1240,6610.85,77.0,241510.24,2412.6339375,surf,6110.85,27.0,226150.24,183.3255,0.8099999999999999,2208.4984375,61,"Baton Rouge, LA MSA",surf,20,500,50,15360,0.03,0.03,10
1241,2275.24,132.0,39845.55,314.83389921875,surf,1775.2399999999998,82.0,24485.550000000003,53.25719999999999,2.46,239.11669921875003,24,"Richmond, VA MSA",surf,20,500,50,15360,0.03,0.03,10
1242,704.23,192.0,35410.73,226.19481015625004,surf,204.23,142.0,20050.730000000003,6.1269,4.26,195.80791015625005,37,"San Antonio-New Braunfels, TX MSA",surf,20,500,50,15360,0.03,0.03,10
1243,910.26,48.0,63275.58,500.2333859375,surf,410.26,0.0,47915.58,12.3078,0.0,467.9255859375001,71,"Phoenix-Mesa-Chandler, AZ MSA",surf,20,500,50,15360,0.03,0.03,10
1244,288.27,74.0,39734.28,258.750078125,surf,0.0,24.0,24374.28,0.0,0.72,238.030078125,75,"Birmingham-Hoover, AL MSA",surf,20,500,50,15360,0.03,0.03,10
1245,1456.66,54.0,45387.25,342.05466328125,surf,956.66,4.0,30027.25,28.6998,0.12,293.23486328125,30,"New York-Newark-Jersey City, NY-NJ-PA MSA",surf,20,500,50,15360,0.03,0.03,10
1246,4663.77,140.0,158334.32,959.001215625,ultimate,1663.7700000000004,0.0,127614.32,16.637700000000006,0.0,872.363515625,69,"Tampa-St. Petersburg-Clearwater, FL MSA",ultimate,70,3000,1000,30720,0.01,0.01,7
1247,2684.06,600.0,100277.25,545.489013671875,ultimate,0.0,0.0,69557.25,0.0,0.0,475.489013671875,75,"Los Angeles-Long Beach-Anaheim, CA MSA",ultimate,70,3000,1000,30720,0.01,0.01,7
1248,1001.77,112.0,19199.93,74.41241640625,surf,501.77,62.0,3839.93,15.0531,1.86,37.49931640625,35,"Nashville-Davidson–Murfreesboro–Franklin, TN MSA",surf,20,500,50,15360,0.03,0.03,10
1249,3131.74,199.0,87656.09,460.528952734375,ultimate,131.74000000000024,0.0,56936.09,1.3174000000000023,0.0,389.211552734375,41,"Cincinnati, OH-KY-IN MSA",ultimate,70,3000,1000,30720,0.01,0.01,7
1250,1423.96,201.0,28925.07,70.0,ultimate,0.0,0.0,0.0,0.0,0.0,0.0,57,"Houston-The Woodlands-Sugar Land, TX MSA",ultimate,70,3000,1000,30720,0.01,0.01,7
1251,5012.62,310.0,233686.21,2295.2704945312503,surf,4512.62,260.0,218326.21,135.3786,7.8,2132.09189453125,45,"New York-Newark-Jersey City, NY-NJ-PA MSA",surf,20,500,50,15360,0.03,0.03,10
1252,2776.01,208.0,94118.44,862.145690625,surf,2276.01,158.0,78758.44,68.28030000000001,4.74,769.125390625,27,"Detroit-Warren-Dearborn, MI MSA",surf,20,500,50,15360,0.03,0.03,10
1253,491.31,92.0,59418.94,266.18416015625,ultimate,0.0,0.0,28698.94,0.0,0.0,196.18416015625,28,"Cleveland-Elyria, OH MSA",ultimate,70,3000,1000,30720,0.01,0.01,7
1254,2384.11,525.0,97134.06,889.3481046874999,surf,1884.11,475.0,81774.06,56.5233,14.25,798.5748046875,49,"Detroit-Warren-Dearborn, MI MSA",surf,20,500,50,15360,0.03,0.03,10
1255,2781.93,267.0,48740.71,193.188447265625,ultimate,0.0,0.0,18020.71,0.0,0.0,123.188447265625,22,"Oklahoma City, OK MSA",ultimate,70,3000,1000,30720,0.01,0.01,7
1256,1888.4,97.0,54720.82,447.4450078125,surf,1388.4,47.0,39360.82,41.652,1.41,384.3830078125,53,"Chicago-Naperville-Elgin, IL-IN-WI MSA",surf,20,500,50,15360,0.03,0.03,10
1257,4856.21,270.0,117643.57,1156.14928828125,surf,4356.21,220.0,102283.57,130.6863,6.6,998.86298828125,61,"New York-Newark-Jersey City, NY-NJ-PA MSA",surf,20,500,50,15360,0.03,0.03,10
1258,361.6,277.0,117667.29,1025.90462890625,surf,0.0,227.0,102307.29,0.0,6.81,999.09462890625,39,"Chicago-Naperville-Elgin, IL-IN-WI MSA",surf,20,500,50,15360,0.03,0.03,10
1259,1409.49,301.0,23670.24,135.96938750000004,surf,909.49,251.0,8310.240000000002,27.2847,7.529999999999999,81.15468750000002,63,"Philadelphia-Camden-Wilmington, PA-NJ-DE-MD MSA",surf,20,500,50,15360,0.03,0.03,10
1260,476.27,80.0,19766.78,63.93496093749999,surf,0.0,30.0,4406.779999999999,0.0,0.8999999999999999,43.03496093749999,36,"Los Angeles-Long Beach-Anaheim, CA MSA",surf,20,500,50,15360,0.03,0.03,10
1261,4914.52,503.0,191330.87,1884.49112734375,surf,4414.52,453.0,175970.87,132.43560000000002,13.59,1718.46552734375,31,"Kansas City, MO-KS MSA",surf,20,500,50,15360,0.03,0.03,10
1262,275.72,57.0,16014.2,26.59867187499999,surf,0.0,7.0,654.1999999999989,0.0,0.21,6.388671874999989,34,"Dallas-Fort Worth-Arlington, TX MSA",surf,20,500,50,15360,0.03,0.03,10
1263,5275.22,30.0,161608.57,1591.46529140625,surf,4775.22,0.0,146248.57,143.2566,0.0,1428.2086914062502,39,"Boston-Cambridge-Newton, MA-NH MSA",surf,20,500,50,15360,0.03,0.03,10
1264,2693.23,500.0,124763.27,712.873916015625,ultimate,0.0,0.0,94043.27,0.0,0.0,642.873916015625,69,"Los Angeles-Long Beach-Anaheim, CA MSA",ultimate,70,3000,1000,30720,0.01,0.01,7
1265,290.06,0.0,32233.13,184.77666015625,surf,0.0,0.0,16873.13,0.0,0.0,164.77666015625002,29,"Washington-Arlington-Alexandria, DC-VA-MD-WV MSA",surf,20,500,50,15360,0.03,0.03,10
1266,303.54,24.0,11630.05,20.0,surf,0.0,0.0,0.0,0.0,0.0,0.0,62,"New York-Newark-Jersey City, NY-NJ-PA MSA",surf,20,500,50,15360,0.03,0.03,10
1267,1570.29,138.0,39012.29,285.72809453125,surf,1070.29,88.0,23652.29,32.1087,2.64,230.97939453125,53,"St. Louis, MO-IL MSA",surf,20,500,50,15360,0.03,0.03,10
1268,4773.52,300.0,0.0,155.7056,surf,4273.52,250.0,0.0,128.2056,7.5,0.0,33,"Fresno, CA MSA",surf,20,500,50,15360,0.03,0.03,10
1269,0.0,0.0,0.0,70.0,ultimate,0.0,0.0,0.0,0.0,0.0,0.0,39,"Dallas-Fort Worth-Arlington, TX MSA",ultimate,70,3000,1000,30720,0.01,0.01,7
1270,1175.5,95.0,71055.62,345.73177734375,ultimate,0.0,0.0,40335.62,0.0,0.0,275.73177734375,70,"Philadelphia-Camden-Wilmington, PA-NJ-DE-MD MSA",ultimate,70,3000,1000,30720,0.01,0.01,7
1271,502.74,83.0,17962.75,46.48968046875,surf,2.740000000000009,33.0,2602.75,0.0822000000000002,0.99,25.41748046875,48,"New York-Newark-Jersey City, NY-NJ-PA MSA",surf,20,500,50,15360,0.03,0.03,10
1272,624.88,62.0,43528.51,299.18950546875004,surf,124.88,12.0,28168.51,3.7464,0.36,275.08310546875003,23,"Minneapolis-St. Paul-Bloomington, MN-WI MSA",surf,20,500,50,15360,0.03,0.03,10
1273,924.74,151.0,42426.16,150.02257812499997,ultimate,0.0,0.0,11706.159999999996,0.0,0.0,80.02257812499997,25,"Baton Rouge, LA MSA",ultimate,70,3000,1000,30720,0.01,0.01,7
1274,334.03,17.0,17346.079999999998,70.0,ultimate,0.0,0.0,0.0,0.0,0.0,0.0,53,"Philadelphia-Camden-Wilmington, PA-NJ-DE-MD MSA",ultimate,70,3000,1000,30720,0.01,0.01,7
1275,0.0,0.0,0.0,70.0,ultimate,0.0,0.0,0.0,0.0,0.0,0.0,33,"New York-Newark-Jersey City, NY-NJ-PA MSA",ultimate,70,3000,1000,30720,0.01,0.01,7
1276,1289.73,76.0,57117.44,452.2594,surf,789.73,26.0,41757.44,23.6919,0.78,407.7875,20,"Phoenix-Mesa-Chandler, AZ MSA",surf,20,500,50,15360,0.03,0.03,10
1277,5816.74,0.0,187377.17,1859.35737578125,surf,5316.74,0.0,172017.17,159.5022,0.0,1679.8551757812502,25,"New York-Newark-Jersey City, NY-NJ-PA MSA",surf,20,500,50,15360,0.03,0.03,10
1278,635.0,56.0,38007.84,245.4003125,surf,135.0,6.0,22647.84,4.05,0.18,221.1703125,39,"Dayton-Kettering, OH MSA",surf,20,500,50,15360,0.03,0.03,10
1279,1370.65,63.0,42010.81,147.18327148437498,ultimate,0.0,0.0,11290.809999999998,0.0,0.0,77.18327148437498,27,"Baton Rouge, LA MSA",ultimate,70,3000,1000,30720,0.01,0.01,7
1280,2823.83,304.0,96985.67,894.46058359375,surf,2323.83,254.0,81625.67,69.7149,7.62,797.12568359375,29,"New York-Newark-Jersey City, NY-NJ-PA MSA",surf,20,500,50,15360,0.03,0.03,10
1281,3061.73,227.0,46340.18,404.7027203125,surf,2561.73,177.0,30980.18,76.8519,5.31,302.5408203125,39,"Charlotte-Concord-Gastonia, NC-SC MSA",surf,20,500,50,15360,0.03,0.03,10
1282,845.57,0.0,41782.38,145.62173828124995,ultimate,0.0,0.0,11062.379999999996,0.0,0.0,75.62173828124997,61,"San Francisco-Oakland-Berkeley, CA MSA",ultimate,70,3000,1000,30720,0.01,0.01,7
1283,964.25,128.0,36562.01,109.935615234375,ultimate,0.0,0.0,5842.010000000002,0.0,0.0,39.93561523437501,38,"Charleston-North Charleston, SC MSA",ultimate,70,3000,1000,30720,0.01,0.01,7
1284,2848.25,0.0,100621.98,923.0840234375,surf,2348.25,0.0,85261.98,70.44749999999999,0.0,832.6365234374999,51,"Dayton-Kettering, OH MSA",surf,20,500,50,15360,0.03,0.03,10
1285,1837.48,127.0,18046.62,88.6709234375,surf,1337.48,77.0,2686.619999999999,40.1244,2.31,26.23652343749999,28,"Los Angeles-Long Beach-Anaheim, CA MSA",surf,20,500,50,15360,0.03,0.03,10
1286,425.72,10.0,11351.29,20.0,surf,0.0,0.0,0.0,0.0,0.0,0.0,52,"New Haven-Milford, CT MSA",surf,20,500,50,15360,0.03,0.03,10
1287,700.72,212.0,30068.85,174.52271328125,surf,200.72000000000003,162.0,14708.85,6.0216,4.859999999999999,143.64111328125,74,"Sacramento–Roseville–Folsom, CA MSA",surf,20,500,50,15360,0.03,0.03,10
1288,804.37,0.0,41262.44,282.084615625,surf,304.37,0.0,25902.44,9.1311,0.0,252.953515625,60,"Las Vegas-Henderson-Paradise, NV MSA",surf,20,500,50,15360,0.03,0.03,10
1289,1053.75,90.0,31357.06,74.35490234375001,ultimate,0.0,0.0,637.0600000000013,0.0,0.0,4.354902343750009,47,"Detroit-Warren-Dearborn, MI MSA",ultimate,70,3000,1000,30720,0.01,0.01,7
1290,145.29,69.0,13687.46,20.57,surf,0.0,19.0,0.0,0.0,0.57,0.0,33,"New York-Newark-Jersey City, NY-NJ-PA MSA",surf,20,500,50,15360,0.03,0.03,10
1291,4605.0,90.0,136662.93,1328.9489257812495,surf,4105.0,40.0,121302.93,123.15,1.2,1184.5989257812498,65,"Indianapolis-Carmel-Anderson, IN MSA",surf,20,500,50,15360,0.03,0.03,10
1292,1353.84,0.0,238597.18,2225.6657859375,surf,853.8399999999999,0.0,223237.18,25.6152,0.0,2180.0505859375,42,"Dallas-Fort Worth-Arlington, TX MSA",surf,20,500,50,15360,0.03,0.03,10
1293,2558.14,432.0,149882.44,1406.8999031249998,surf,2058.14,382.0,134522.44,61.74419999999999,11.46,1313.695703125,23,"Philadelphia-Camden-Wilmington, PA-NJ-DE-MD MSA",surf,20,500,50,15360,0.03,0.03,10
1294,927.36,172.0,51132.29,385.81956953125,surf,427.36,122.0,35772.29,12.8208,3.66,349.33876953125,67,"New York-Newark-Jersey City, NY-NJ-PA MSA",surf,20,500,50,15360,0.03,0.03,10
1295,2412.26,108.0,89029.41,798.5356320312501,surf,1912.26,58.0,73669.41,57.36779999999999,1.74,719.4278320312501,68,"Kansas City, MO-KS MSA",surf,20,500,50,15360,0.03,0.03,10
1296,767.74,45.0,45665.49,172.166435546875,ultimate,0.0,0.0,14945.489999999998,0.0,0.0,102.166435546875,36,"Miami-Fort Lauderdale-West Palm Beach, FL MSA",ultimate,70,3000,1000,30720,0.01,0.01,7
1297,186.64,0.0,20207.82,67.3419921875,surf,0.0,0.0,4847.82,0.0,0.0,47.3419921875,51,"Los Angeles-Long Beach-Anaheim, CA MSA",surf,20,500,50,15360,0.03,0.03,10
1298,553.23,103.0,17882.76,47.82322812499999,surf,53.23000000000002,53.0,2522.7599999999984,1.5969000000000004,1.59,24.636328124999984,53,"Nashville-Davidson–Murfreesboro–Franklin, TN MSA",surf,20,500,50,15360,0.03,0.03,10
1299,4185.3,90.0,148033.87,1427.40226171875,surf,3685.3,40.0,132673.87,110.559,1.2,1295.64326171875,64,"New York-Newark-Jersey City, NY-NJ-PA MSA",surf,20,500,50,15360,0.03,0.03,10
1300,806.1,0.0,47535.72,343.399015625,surf,306.1,0.0,32175.72,9.183,0.0,314.216015625,23,"New York-Newark-Jersey City, NY-NJ-PA MSA",surf,20,500,50,15360,0.03,0.03,10
1301,1042.43,158.0,43960.51,160.511298828125,ultimate,0.0,0.0,13240.510000000002,0.0,0.0,90.511298828125,64,"Chicago-Naperville-Elgin, IL-IN-WI MSA",ultimate,70,3000,1000,30720,0.01,0.01,7
1302,1284.46,186.0,70846.25,589.47171015625,surf,784.46,136.0,55486.25,23.5338,4.08,541.85791015625,62,"Rochester, NY MSA",surf,20,500,50,15360,0.03,0.03,10
1303,112.29,148.0,25042.66,70.0,ultimate,0.0,0.0,0.0,0.0,0.0,0.0,67,"Detroit-Warren-Dearborn, MI MSA",ultimate,70,3000,1000,30720,0.01,0.01,7
1304,1044.12,131.0,46722.54,179.39236328125,ultimate,0.0,0.0,16002.54,0.0,0.0,109.39236328125,69,"Birmingham-Hoover, AL MSA",ultimate,70,3000,1000,30720,0.01,0.01,7
1305,3496.27,26.0,120924.91,1140.79542421875,surf,2996.27,0.0,105564.91,89.8881,0.0,1030.90732421875,18,"Los Angeles-Long Beach-Anaheim, CA MSA",surf,20,500,50,15360,0.03,0.03,10
1306,4.6,0.0,246.99,20.0,surf,0.0,0.0,0.0,0.0,0.0,0.0,19,"Washington-Arlington-Alexandria, DC-VA-MD-WV MSA",surf,20,500,50,15360,0.03,0.03,10
1307,0.0,0.0,0.0,20.0,surf,0.0,0.0,0.0,0.0,0.0,0.0,28,"Boston-Cambridge-Newton, MA-NH MSA",surf,20,500,50,15360,0.03,0.03,10
1308,467.93,60.0,28304.1,146.70722656249998,surf,0.0,10.0,12944.1,0.0,0.3,126.4072265625,46,"Virginia Beach-Norfolk-Newport News, VA-NC MSA",surf,20,500,50,15360,0.03,0.03,10
1309,602.45,70.0,16473.7,34.54947656250001,surf,102.45000000000005,20.0,1113.7000000000007,3.073500000000001,0.6,10.875976562500009,19,"San Diego-Chula Vista-Carlsbad, CA MSA",surf,20,500,50,15360,0.03,0.03,10
1310,132.22,0.0,21939.16,84.249609375,surf,0.0,0.0,6579.16,0.0,0.0,64.249609375,73,"Portland-Vancouver-Hillsboro, OR-WA MSA",surf,20,500,50,15360,0.03,0.03,10
1311,1323.99,0.0,106827.62,590.26693359375,ultimate,0.0,0.0,76107.62,0.0,0.0,520.26693359375,69,"Memphis, TN-MS-AR MSA",ultimate,70,3000,1000,30720,0.01,0.01,7
1312,3323.35,288.0,195201.75,1868.10758984375,surf,2823.35,238.0,179841.75,84.70049999999999,7.14,1756.26708984375,42,"Fresno, CA MSA",surf,20,500,50,15360,0.03,0.03,10
1313,3704.0,308.0,112127.22,1068.8523828125,surf,3204.0,258.0,96767.22,96.12,7.739999999999999,944.9923828125,49,"San Francisco-Oakland-Berkeley, CA MSA",surf,20,500,50,15360,0.03,0.03,10
1314,908.67,40.0,29401.53,70.0,ultimate,0.0,0.0,0.0,0.0,0.0,0.0,35,"Los Angeles-Long Beach-Anaheim, CA MSA",ultimate,70,3000,1000,30720,0.01,0.01,7
1315,598.28,56.0,13411.49,23.1284,surf,98.27999999999996,6.0,0.0,2.948399999999999,0.18,0.0,45,"Raleigh-Cary, NC MSA",surf,20,500,50,15360,0.03,0.03,10
1316,1458.82,433.0,141533.37,1292.41641640625,surf,958.82,383.0,126173.37,28.7646,11.49,1232.16181640625,59,"Tulsa, OK MSA",surf,20,500,50,15360,0.03,0.03,10
1317,1108.37,0.0,25312.7,70.0,ultimate,0.0,0.0,0.0,0.0,0.0,0.0,70,"Phoenix-Mesa-Chandler, AZ MSA",ultimate,70,3000,1000,30720,0.01,0.01,7
1318,1079.68,115.0,62975.01,504.33073203125,surf,579.6800000000001,65.0,47615.01,17.3904,1.95,464.99033203125,54,"Atlanta-Sandy Springs-Roswell, GA MSA",surf,20,500,50,15360,0.03,0.03,10
1319,0.0,0.0,0.0,20.0,surf,0.0,0.0,0.0,0.0,0.0,0.0,21,"Colorado Springs, CO MSA",surf,20,500,50,15360,0.03,0.03,10
1320,7202.87,531.0,163155.97,1678.83611953125,surf,6702.87,481.0,147795.97,201.0861,14.43,1443.32001953125,23,"Los Angeles-Long Beach-Anaheim, CA MSA",surf,20,500,50,15360,0.03,0.03,10
1321,3324.37,0.0,137353.51,1296.07397109375,surf,2824.37,0.0,121993.51,84.7311,0.0,1191.34287109375,19,"North Port-Sarasota-Bradenton, FL MSA",surf,20,500,50,15360,0.03,0.03,10
1322,519.57,0.0,59172.44,448.442959375,surf,19.57000000000005,0.0,43812.44,0.5871000000000015,0.0,427.855859375,22,"Fresno, CA MSA",surf,20,500,50,15360,0.03,0.03,10
1323,27.03,1.0,1024.85,20.0,surf,0.0,0.0,0.0,0.0,0.0,0.0,42,"Baltimore-Columbia-Towson, MD MSA",surf,20,500,50,15360,0.03,0.03,10
1324,8950.28,0.0,162360.6,1709.0611343750002,surf,8450.28,0.0,147000.6,253.5084,0.0,1435.552734375,18,"Minneapolis-St. Paul-Bloomington, MN-WI MSA",surf,20,500,50,15360,0.03,0.03,10
1325,550.5600000000001,0.0,39119.82,253.5462921875,surf,50.56000000000006,0.0,23759.82,1.5168000000000017,0.0,232.0294921875,43,"Dallas-Fort Worth-Arlington, TX MSA",surf,20,500,50,15360,0.03,0.03,10
1326,5036.38,444.0,66386.3,666.2151109375,surf,4536.38,394.0,51026.3,136.0914,11.82,498.3037109375,21,"Greensboro-High Point, NC MSA",surf,20,500,50,15360,0.03,0.03,10
1327,2034.66,135.0,94111.45,837.64692890625,surf,1534.66,85.0,78751.45,46.0398,2.55,769.05712890625,20,"New York-Newark-Jersey City, NY-NJ-PA MSA",surf,20,500,50,15360,0.03,0.03,10
1328,6112.47,0.0,215711.85,2144.93513515625,surf,5612.47,0.0,200351.85,168.3741,0.0,1956.56103515625,20,"Minneapolis-St. Paul-Bloomington, MN-WI MSA",surf,20,500,50,15360,0.03,0.03,10
1329,4858.73,397.0,106923.25,609.507954296875,ultimate,1858.73,0.0,76203.25,18.587299999999995,0.0,520.920654296875,65,"Charleston-North Charleston, SC MSA",ultimate,70,3000,1000,30720,0.01,0.01,7
1330,920.75,153.0,23008.65,70.0,ultimate,0.0,0.0,0.0,0.0,0.0,0.0,48,"Las Vegas-Henderson-Paradise, NV MSA",ultimate,70,3000,1000,30720,0.01,0.01,7
1331,1687.07,440.0,84490.52,742.414834375,surf,1187.07,390.0,69130.52,35.6121,11.7,675.1027343750001,54,"Dallas-Fort Worth-Arlington, TX MSA",surf,20,500,50,15360,0.03,0.03,10
1332,1363.13,10.0,111476.81,984.53462265625,surf,863.1300000000001,0.0,96116.81,25.8939,0.0,938.64072265625,37,"Atlanta-Sandy Springs-Roswell, GA MSA",surf,20,500,50,15360,0.03,0.03,10
1333,458.11,7.0,23175.26,70.0,ultimate,0.0,0.0,0.0,0.0,0.0,0.0,57,"Los Angeles-Long Beach-Anaheim, CA MSA",ultimate,70,3000,1000,30720,0.01,0.01,7
1334,7675.17,130.0,156601.66,1616.9681859375,surf,7175.17,80.0,141241.66,215.2551,2.4,1379.3130859375,34,"Seattle-Tacoma-Bellevue, WA MSA",surf,20,500,50,15360,0.03,0.03,10
1335,2850.95,654.0,125690.28,1186.092640625,surf,2350.95,604.0,110330.28,70.5285,18.12,1077.444140625,61,"Dallas-Fort Worth-Arlington, TX MSA",surf,20,500,50,15360,0.03,0.03,10
1336,5912.09,690.0,160281.02,1616.8070359375,surf,5412.09,640.0,144921.02,162.3627,19.2,1415.2443359375,34,"Portland-Vancouver-Hillsboro, OR-WA MSA",surf,20,500,50,15360,0.03,0.03,10
1337,1006.52,110.0,30277.84,182.67763125,surf,506.52,60.0,14917.84,15.1956,1.7999999999999998,145.68203125,31,"Riverside-San Bernardino-Ontario, CA MSA",surf,20,500,50,15360,0.03,0.03,10
1338,2714.31,0.0,82349.42,740.6228546875,surf,2214.31,0.0,66989.42,66.4293,0.0,654.1935546875,21,"Minneapolis-St. Paul-Bloomington, MN-WI MSA",surf,20,500,50,15360,0.03,0.03,10
1339,179.03,608.0,28153.75,161.67896484375,surf,0.0,558.0,12793.75,0.0,16.74,124.93896484375,27,"Charlotte-Concord-Gastonia, NC-SC MSA",surf,20,500,50,15360,0.03,0.03,10
1340,2057.67,250.0,3856.56,72.7301,surf,1557.67,200.0,0.0,46.7301,6.0,0.0,65,"Dallas-Fort Worth-Arlington, TX MSA",surf,20,500,50,15360,0.03,0.03,10
1341,1747.76,189.0,57663.48,474.7227218750001,surf,1247.76,139.0,42303.48,37.4328,4.17,413.1199218750001,28,"Chicago-Naperville-Elgin, IL-IN-WI MSA",surf,20,500,50,15360,0.03,0.03,10
1342,490.54,7.0,10998.39,20.0,surf,0.0,0.0,0.0,0.0,0.0,0.0,65,"Indianapolis-Carmel-Anderson, IN MSA",surf,20,500,50,15360,0.03,0.03,10
1343,1801.33,528.0,84782.84,751.3373218749999,surf,1301.33,478.0,69422.84,39.0399,14.34,677.9574218749999,43,"Miami-Fort Lauderdale-West Palm Beach, FL MSA",surf,20,500,50,15360,0.03,0.03,10
1344,39.14,14.0,4054.01,20.0,surf,0.0,0.0,0.0,0.0,0.0,0.0,70,"New York-Newark-Jersey City, NY-NJ-PA MSA",surf,20,500,50,15360,0.03,0.03,10
1345,1201.25,36.0,26932.57,154.05087890624998,surf,701.25,0.0,11572.57,21.0375,0.0,113.01337890625,26,"Los Angeles-Long Beach-Anaheim, CA MSA",surf,20,500,50,15360,0.03,0.03,10
1346,2732.37,465.0,152510.09,902.549443359375,ultimate,0.0,0.0,121790.09,0.0,0.0,832.549443359375,59,"Tucson, AZ MSA",ultimate,70,3000,1000,30720,0.01,0.01,7
1347,2164.94,372.0,97752.83,528.232236328125,ultimate,0.0,0.0,67032.83,0.0,0.0,458.232236328125,65,"Charleston-North Charleston, SC MSA",ultimate,70,3000,1000,30720,0.01,0.01,7
1348,1965.87,142.0,41579.92,322.79000625,surf,1465.87,92.0,26219.92,43.9761,2.76,256.05390624999995,60,"Detroit-Warren-Dearborn, MI MSA",surf,20,500,50,15360,0.03,0.03,10
1349,0.0,209.0,43261.72,297.247734375,surf,0.0,159.0,27901.72,0.0,4.77,272.477734375,69,"Boston-Cambridge-Newton, MA-NH MSA",surf,20,500,50,15360,0.03,0.03,10
1350,835.78,10.0,28510.96,158.50074374999997,surf,335.78,0.0,13150.96,10.0734,0.0,128.42734374999998,29,"Atlanta-Sandy Springs-Roswell, GA MSA",surf,20,500,50,15360,0.03,0.03,10
1351,289.29,39.0,53667.71,226.869111328125,ultimate,0.0,0.0,22947.71,0.0,0.0,156.869111328125,47,"San Antonio-New Braunfels, TX MSA",ultimate,70,3000,1000,30720,0.01,0.01,7
1352,2436.41,157.0,58581.6,260.46015624999995,ultimate,0.0,0.0,27861.6,0.0,0.0,190.46015625,48,"Seattle-Tacoma-Bellevue, WA MSA",ultimate,70,3000,1000,30720,0.01,0.01,7
1353,2701.47,0.0,117074.61,1079.35083828125,surf,2201.47,0.0,101714.61,66.04409999999999,0.0,993.30673828125,56,"North Port-Sarasota-Bradenton, FL MSA",surf,20,500,50,15360,0.03,0.03,10
1354,2064.75,155.0,71151.26,346.38556640624995,ultimate,0.0,0.0,40431.26,0.0,0.0,276.38556640624995,41,"New York-Newark-Jersey City, NY-NJ-PA MSA",ultimate,70,3000,1000,30720,0.01,0.01,7
1355,1573.47,282.0,48807.55,385.80033046875,surf,1073.47,232.0,33447.55,32.2041,6.96,326.63623046875,57,"Los Angeles-Long Beach-Anaheim, CA MSA",surf,20,500,50,15360,0.03,0.03,10
1356,615.27,112.0,65743.8,517.347396875,surf,115.26999999999998,62.0,50383.8,3.4580999999999995,1.86,492.029296875,46,"Milwaukee-Waukesha, WI MSA",surf,20,500,50,15360,0.03,0.03,10
1357,2177.24,177.0,54442.72,455.7943875,surf,1677.2399999999998,127.0,39082.72,50.31719999999999,3.81,381.6671875,61,"Baton Rouge, LA MSA",surf,20,500,50,15360,0.03,0.03,10
1358,3046.52,30.0,128033.23,1196.72011171875,surf,2546.52,0.0,112673.23,76.3956,0.0,1100.32451171875,20,"New York-Newark-Jersey City, NY-NJ-PA MSA",surf,20,500,50,15360,0.03,0.03,10
1359,4552.42,0.0,0.0,141.5726,surf,4052.42,0.0,0.0,121.5726,0.0,0.0,33,"Colorado Springs, CO MSA",surf,20,500,50,15360,0.03,0.03,10
1360,775.14,0.0,24053.57,113.15234453125,surf,275.14,0.0,8693.57,8.254199999999999,0.0,84.89814453125,75,"Charlotte-Concord-Gastonia, NC-SC MSA",surf,20,500,50,15360,0.03,0.03,10
1361,2629.01,288.0,116822.91,1081.85903046875,surf,2129.01,238.0,101462.91,63.87030000000001,7.14,990.84873046875,45,"Birmingham-Hoover, AL MSA",surf,20,500,50,15360,0.03,0.03,10
1362,7451.17,672.0,165615.77,1714.53660390625,surf,6951.17,622.0,150255.77,208.5351,18.66,1467.34150390625,65,"Denver-Aurora-Lakewood, CO MSA",surf,20,500,50,15360,0.03,0.03,10
1363,1142.22,144.0,62181.82,285.07103515625,ultimate,0.0,0.0,31461.82,0.0,0.0,215.07103515625,33,"Seattle-Tacoma-Bellevue, WA MSA",ultimate,70,3000,1000,30720,0.01,0.01,7
1364,1636.29,92.0,73721.54,625.2856140624999,surf,1136.29,42.0,58361.53999999999,34.0887,1.26,569.9369140624999,75,"San Diego-Chula Vista-Carlsbad, CA MSA",surf,20,500,50,15360,0.03,0.03,10
1365,6879.7,280.0,43468.3,492.7861171875,surf,6379.7,230.0,28108.300000000003,191.391,6.9,274.4951171875,19,"Grand Rapids-Kentwood, MI MSA",surf,20,500,50,15360,0.03,0.03,10
1366,2707.99,75.0,84335.23,760.5759304687499,surf,2207.99,25.0,68975.23,66.23969999999998,0.75,673.5862304687499,62,"Cincinnati, OH-KY-IN MSA",surf,20,500,50,15360,0.03,0.03,10
1367,736.33,0.0,95887.06,813.4869703125,surf,236.33000000000004,0.0,80527.06,7.089900000000001,0.0,786.3970703125,18,"Baltimore-Columbia-Towson, MD MSA",surf,20,500,50,15360,0.03,0.03,10
1368,3863.57,0.0,129924.33,756.7902996093751,ultimate,863.5700000000002,0.0,99204.33,8.635700000000002,0.0,678.154599609375,60,"Pittsburgh, PA MSA",ultimate,70,3000,1000,30720,0.01,0.01,7
1369,513.64,152.0,50833.01,369.88531328125,surf,13.639999999999986,102.0,35473.01,0.4091999999999995,3.06,346.41611328125003,69,"Milwaukee-Waukesha, WI MSA",surf,20,500,50,15360,0.03,0.03,10
1370,2236.09,93.0,55184.18,237.23560546875,ultimate,0.0,0.0,24464.18,0.0,0.0,167.23560546875,49,"San Diego-Chula Vista-Carlsbad, CA MSA",ultimate,70,3000,1000,30720,0.01,0.01,7
1371,834.76,84.0,42779.03,298.82676484375,surf,334.76,34.0,27419.03,10.0428,1.02,267.76396484375,27,"Portland-Vancouver-Hillsboro, OR-WA MSA",surf,20,500,50,15360,0.03,0.03,10
1372,384.08,54.0,18896.61,54.65720703125001,surf,0.0,4.0,3536.6100000000006,0.0,0.12,34.537207031250006,26,"New York-Newark-Jersey City, NY-NJ-PA MSA",surf,20,500,50,15360,0.03,0.03,10
1373,2581.72,244.0,105787.34,583.15564453125,ultimate,0.0,0.0,75067.34,0.0,0.0,513.15564453125,21,"Minneapolis-St. Paul-Bloomington, MN-WI MSA",ultimate,70,3000,1000,30720,0.01,0.01,7
1374,2450.45,576.0,245534.4,2342.090375,surf,1950.45,526.0,230174.4,58.51349999999999,15.78,2247.796875,55,"Louisville/Jefferson County, KY-IN MSA",surf,20,500,50,15360,0.03,0.03,10
1375,259.3,81.0,13623.69,20.93,surf,0.0,31.0,0.0,0.0,0.93,0.0,69,"Philadelphia-Camden-Wilmington, PA-NJ-DE-MD MSA",surf,20,500,50,15360,0.03,0.03,10
1376,981.94,22.0,36028.84,106.29089843749998,ultimate,0.0,0.0,5308.8399999999965,0.0,0.0,36.290898437499976,58,"Columbia, SC MSA",ultimate,70,3000,1000,30720,0.01,0.01,7
1377,2232.82,18.0,119311.35,1087.13450234375,surf,1732.8200000000002,0.0,103951.35,51.9846,0.0,1015.14990234375,18,"Rochester, NY MSA",surf,20,500,50,15360,0.03,0.03,10
1378,0.0,0.0,0.0,20.0,surf,0.0,0.0,0.0,0.0,0.0,0.0,22,"Denver-Aurora-Lakewood, CO MSA",surf,20,500,50,15360,0.03,0.03,10
1379,1289.16,154.0,88703.89,763.04372578125,surf,789.1600000000001,104.0,73343.89,23.6748,3.12,716.24892578125,34,"Grand Rapids-Kentwood, MI MSA",surf,20,500,50,15360,0.03,0.03,10
1380,1824.83,210.0,77185.63,387.636142578125,ultimate,0.0,0.0,46465.630000000005,0.0,0.0,317.63614257812503,35,"San Jose-Sunnyvale-Santa Clara, CA MSA",ultimate,70,3000,1000,30720,0.01,0.01,7
1381,1580.68,624.0,82127.86,721.6702828125,surf,1080.68,574.0,66767.86,32.4204,17.22,652.0298828125,44,"Austin-Round Rock-Georgetown, TX MSA",surf,20,500,50,15360,0.03,0.03,10
1382,6961.02,336.0,79998.47,446.47474101562506,ultimate,3961.02,0.0,49278.47,39.610200000000006,0.0,336.86454101562504,49,"San Diego-Chula Vista-Carlsbad, CA MSA",ultimate,70,3000,1000,30720,0.01,0.01,7
1383,1163.37,119.0,56605.09,246.94885742187495,ultimate,0.0,0.0,25885.09,0.0,0.0,176.94885742187498,52,"Tampa-St. Petersburg-Clearwater, FL MSA",ultimate,70,3000,1000,30720,0.01,0.01,7
1384,1580.37,570.0,144272.64,846.2387500000001,ultimate,0.0,0.0,113552.64,0.0,0.0,776.2387500000001,36,"Philadelphia-Camden-Wilmington, PA-NJ-DE-MD MSA",ultimate,70,3000,1000,30720,0.01,0.01,7
1385,4145.07,350.0,146487.72,1418.896240625,surf,3645.07,300.0,131127.72,109.3521,9.0,1280.544140625,52,"New York-Newark-Jersey City, NY-NJ-PA MSA",surf,20,500,50,15360,0.03,0.03,10
1386,473.93,40.0,28368.15,147.03271484375,surf,0.0,0.0,13008.15,0.0,0.0,127.03271484375,30,"Seattle-Tacoma-Bellevue, WA MSA",surf,20,500,50,15360,0.03,0.03,10
1387,2390.07,80.0,97924.38,883.8948734375001,surf,1890.07,30.0,82564.38,56.7021,0.8999999999999999,806.2927734375,28,"Bridgeport-Stamford-Norwalk, CT MSA",surf,20,500,50,15360,0.03,0.03,10
1388,282.31,98.0,13262.79,70.0,ultimate,0.0,0.0,0.0,0.0,0.0,0.0,75,"New York-Newark-Jersey City, NY-NJ-PA MSA",ultimate,70,3000,1000,30720,0.01,0.01,7
1389,3607.71,0.0,152385.47,907.774648828125,ultimate,607.71,0.0,121665.47,6.077100000000001,0.0,831.697548828125,18,"Miami-Fort Lauderdale-West Palm Beach, FL MSA",ultimate,70,3000,1000,30720,0.01,0.01,7
1390,5107.69,0.0,125110.25,736.322749609375,ultimate,2107.69,0.0,94390.25,21.076899999999995,0.0,645.245849609375,61,"Chicago-Naperville-Elgin, IL-IN-WI MSA",ultimate,70,3000,1000,30720,0.01,0.01,7
1391,1994.81,121.0,61041.77,277.277724609375,ultimate,0.0,0.0,30321.77,0.0,0.0,207.27772460937496,52,"New York-Newark-Jersey City, NY-NJ-PA MSA",ultimate,70,3000,1000,30720,0.01,0.01,7
1392,1652.97,318.0,116944.09,1054.66122890625,surf,1152.97,268.0,101584.09,34.5891,8.04,992.03212890625,34,"Seattle-Tacoma-Bellevue, WA MSA",surf,20,500,50,15360,0.03,0.03,10
1393,1728.07,68.0,24215.13,143.85797890625005,surf,1228.07,18.0,8855.130000000001,36.8421,0.54,86.47587890625002,44,"Knoxville, TN MSA",surf,20,500,50,15360,0.03,0.03,10
1394,1095.13,80.0,52900.63,405.36161484375,surf,595.1300000000001,30.0,37540.63,17.853900000000003,0.8999999999999999,366.60771484375,28,"Stockton, CA MSA",surf,20,500,50,15360,0.03,0.03,10
1395,246.33,25.0,11144.27,70.0,ultimate,0.0,0.0,0.0,0.0,0.0,0.0,24,"New York-Newark-Jersey City, NY-NJ-PA MSA",ultimate,70,3000,1000,30720,0.01,0.01,7
1396,1065.55,123.0,72196.31,594.1985898437499,surf,565.55,73.0,56836.31,16.966499999999996,2.19,555.04208984375,65,"Salt Lake City, UT MSA",surf,20,500,50,15360,0.03,0.03,10
1397,5436.3,0.0,149967.62,1482.6165390625,surf,4936.3,0.0,134607.62,148.089,0.0,1314.5275390625,70,"Oklahoma City, OK MSA",surf,20,500,50,15360,0.03,0.03,10
1398,796.84,96.0,34707.08,219.221528125,surf,296.84000000000003,46.0,19347.08,8.9052,1.38,188.936328125,30,"Denver-Aurora-Lakewood, CO MSA",surf,20,500,50,15360,0.03,0.03,10
1399,1959.01,161.0,154344.43,1424.37012421875,surf,1459.01,111.0,138984.43,43.7703,3.33,1357.2698242187498,24,"San Antonio-New Braunfels, TX MSA",surf,20,500,50,15360,0.03,0.03,10
1400,4738.36,0.0,156978.81,1530.14699140625,surf,4238.36,0.0,141618.81,127.1508,0.0,1382.99619140625,72,"Riverside-San Bernardino-Ontario, CA MSA",surf,20,500,50,15360,0.03,0.03,10
1401,2365.16,233.0,36241.28,107.743125,ultimate,0.0,0.0,5521.279999999999,0.0,0.0,37.74312499999999,67,"Richmond, VA MSA",ultimate,70,3000,1000,30720,0.01,0.01,7
1402,1113.6,0.0,56099.6,436.25565625,surf,613.5999999999999,0.0,40739.6,18.408,0.0,397.84765625,25,"New York-Newark-Jersey City, NY-NJ-PA MSA",surf,20,500,50,15360,0.03,0.03,10
1403,1902.84,0.0,237879.26,1486.12775390625,ultimate,0.0,0.0,207159.26,0.0,0.0,1416.12775390625,27,"Washington-Arlington-Alexandria, DC-VA-MD-WV MSA",ultimate,70,3000,1000,30720,0.01,0.01,7
1404,2750.85,60.0,97857.57,893.4658320312501,surf,2250.85,10.0,82497.57,67.5255,0.3,805.6403320312501,33,"New York-Newark-Jersey City, NY-NJ-PA MSA",surf,20,500,50,15360,0.03,0.03,10
1405,999.91,434.0,114437.52,642.287734375,ultimate,0.0,0.0,83717.52,0.0,0.0,572.287734375,34,"Indianapolis-Carmel-Anderson, IN MSA",ultimate,70,3000,1000,30720,0.01,0.01,7
1406,3536.67,0.0,179102.16,1710.1446312500002,surf,3036.67,0.0,163742.16,91.1001,0.0,1599.04453125,54,"San Diego-Chula Vista-Carlsbad, CA MSA",surf,20,500,50,15360,0.03,0.03,10
1407,185.3,52.0,19458.75,70.0,ultimate,0.0,0.0,0.0,0.0,0.0,0.0,27,"New York-Newark-Jersey City, NY-NJ-PA MSA",ultimate,70,3000,1000,30720,0.01,0.01,7
1408,4755.19,429.0,163944.63999999998,1610.0475749999998,surf,4255.19,379.0,148584.63999999998,127.65569999999998,11.37,1451.021875,40,"Baltimore-Columbia-Towson, MD MSA",surf,20,500,50,15360,0.03,0.03,10
1409,850.45,77.0,52902.29,221.636748046875,ultimate,0.0,0.0,22182.29,0.0,0.0,151.636748046875,38,"Charlotte-Concord-Gastonia, NC-SC MSA",ultimate,70,3000,1000,30720,0.01,0.01,7
1410,1363.09,37.0,54332.0,426.4786375,surf,863.0899999999999,0.0,38972.0,25.8927,0.0,380.5859375,46,"Los Angeles-Long Beach-Anaheim, CA MSA",surf,20,500,50,15360,0.03,0.03,10
1411,2009.5,0.0,55081.27,453.1880273437499,surf,1509.5,0.0,39721.27,45.285,0.0,387.90302734375,64,"Rochester, NY MSA",surf,20,500,50,15360,0.03,0.03,10
1412,6249.31,336.0,104538.17,607.109496484375,ultimate,3249.3100000000004,0.0,73818.17,32.493100000000005,0.0,504.616396484375,61,"Detroit-Warren-Dearborn, MI MSA",ultimate,70,3000,1000,30720,0.01,0.01,7
1413,320.28,30.0,14370.95,20.0,surf,0.0,0.0,0.0,0.0,0.0,0.0,38,"Bakersfield, CA MSA",surf,20,500,50,15360,0.03,0.03,10
1414,1642.89,225.0,108201.01,966.18718828125,surf,1142.89,175.0,92841.01,34.2867,5.25,906.65048828125,30,"Urban Honolulu, HI MSA",surf,20,500,50,15360,0.03,0.03,10
1415,2854.89,0.0,120199.14,1114.4664265625,surf,2354.89,0.0,104839.14,70.6467,0.0,1023.8197265625,56,"Boston-Cambridge-Newton, MA-NH MSA",surf,20,500,50,15360,0.03,0.03,10
1416,1087.59,124.0,67901.5,552.9482859375,surf,587.5899999999999,74.0,52541.5,17.627699999999997,2.22,513.1005859375,25,"Minneapolis-St. Paul-Bloomington, MN-WI MSA",surf,20,500,50,15360,0.03,0.03,10
1417,4005.95,58.0,131492.11,768.9313457031249,ultimate,1005.9499999999998,0.0,100772.11,10.059499999999998,0.0,688.8718457031249,51,"Minneapolis-St. Paul-Bloomington, MN-WI MSA",ultimate,70,3000,1000,30720,0.01,0.01,7
1418,1074.99,0.0,154380.25,1394.86932890625,surf,574.99,0.0,139020.25,17.2497,0.0,1357.61962890625,40,"New York-Newark-Jersey City, NY-NJ-PA MSA",surf,20,500,50,15360,0.03,0.03,10
1419,985.91,212.0,24876.15,132.36845234375002,surf,485.91,162.0,9516.15,14.5773,4.859999999999999,92.93115234375,45,"Phoenix-Mesa-Chandler, AZ MSA",surf,20,500,50,15360,0.03,0.03,10
1420,1635.69,12.0,87265.76,456.54328125,ultimate,0.0,0.0,56545.76,0.0,0.0,386.54328125,27,"San Francisco-Oakland-Berkeley, CA MSA",ultimate,70,3000,1000,30720,0.01,0.01,7
1421,921.78,180.0,43548.47,311.83142734375,surf,421.78,130.0,28188.47,12.6534,3.9,275.27802734375,26,"Phoenix-Mesa-Chandler, AZ MSA",surf,20,500,50,15360,0.03,0.03,10
1422,827.4,66.0,36519.8,109.64707031250002,ultimate,0.0,0.0,5799.800000000003,0.0,0.0,39.64707031250002,41,"Los Angeles-Long Beach-Anaheim, CA MSA",ultimate,70,3000,1000,30720,0.01,0.01,7
1423,228.12,26.0,11725.72,20.0,surf,0.0,0.0,0.0,0.0,0.0,0.0,61,"Philadelphia-Camden-Wilmington, PA-NJ-DE-MD MSA",surf,20,500,50,15360,0.03,0.03,10
1424,762.44,104.0,34312.28,94.5566015625,ultimate,0.0,0.0,3592.279999999999,0.0,0.0,24.556601562499992,51,"Virginia Beach-Norfolk-Newport News, VA-NC MSA",ultimate,70,3000,1000,30720,0.01,0.01,7
1425,737.9300000000001,58.0,68079.86,542.2202828124999,surf,237.9300000000001,8.0,52719.86,7.137900000000002,0.24,514.8423828125,19,"Las Vegas-Henderson-Paradise, NV MSA",surf,20,500,50,15360,0.03,0.03,10
1426,870.86,0.0,41406.88,143.05484374999995,ultimate,0.0,0.0,10686.879999999996,0.0,0.0,73.05484374999997,44,"San Francisco-Oakland-Berkeley, CA MSA",ultimate,70,3000,1000,30720,0.01,0.01,7
1427,2415.82,0.0,72849.69,357.995927734375,ultimate,0.0,0.0,42129.69,0.0,0.0,287.995927734375,64,"Washington-Arlington-Alexandria, DC-VA-MD-WV MSA",ultimate,70,3000,1000,30720,0.01,0.01,7
1428,1419.63,63.0,40116.02,289.7369078125,surf,919.63,13.0,24756.02,27.5889,0.39,241.75800781249995,66,"Phoenix-Mesa-Chandler, AZ MSA",surf,20,500,50,15360,0.03,0.03,10
1429,121.81,17.0,6770.01,20.0,surf,0.0,0.0,0.0,0.0,0.0,0.0,36,"New York-Newark-Jersey City, NY-NJ-PA MSA",surf,20,500,50,15360,0.03,0.03,10
1430,545.48,32.0,21955.85,85.77699765624999,surf,45.48000000000002,0.0,6595.849999999999,1.3644000000000005,0.0,64.41259765624999,63,"New York-Newark-Jersey City, NY-NJ-PA MSA",surf,20,500,50,15360,0.03,0.03,10
1431,1053.37,72.0,48363.88,359.564615625,surf,553.3699999999999,22.0,33003.88,16.601099999999995,0.6599999999999999,322.303515625,74,"Sacramento–Roseville–Folsom, CA MSA",surf,20,500,50,15360,0.03,0.03,10
1432,1778.82,27.0,44092.89,161.41624023437498,ultimate,0.0,0.0,13372.89,0.0,0.0,91.416240234375,59,"Salt Lake City, UT MSA",ultimate,70,3000,1000,30720,0.01,0.01,7
1433,1920.54,420.0,87687.56999999999,459.4267480468749,ultimate,0.0,0.0,56967.56999999999,0.0,0.0,389.4267480468749,29,"Philadelphia-Camden-Wilmington, PA-NJ-DE-MD MSA",ultimate,70,3000,1000,30720,0.01,0.01,7
1434,4184.15,482.0,139551.5,1356.2921171875,surf,3684.15,432.0,124191.5,110.5245,12.96,1212.8076171875,18,"New York-Newark-Jersey City, NY-NJ-PA MSA",surf,20,500,50,15360,0.03,0.03,10
1435,835.9,472.0,106606.38,588.75455078125,ultimate,0.0,0.0,75886.38,0.0,0.0,518.75455078125,23,"Washington-Arlington-Alexandria, DC-VA-MD-WV MSA",ultimate,70,3000,1000,30720,0.01,0.01,7
1436,2133.62,0.0,71948.65,351.83647460937493,ultimate,0.0,0.0,41228.65,0.0,0.0,281.83647460937493,69,"Philadelphia-Camden-Wilmington, PA-NJ-DE-MD MSA",ultimate,70,3000,1000,30720,0.01,0.01,7
1437,1146.04,0.0,34979.63,230.97914921875,surf,646.04,0.0,19619.63,19.3812,0.0,191.59794921875,42,"Dallas-Fort Worth-Arlington, TX MSA",surf,20,500,50,15360,0.03,0.03,10
1438,1140.29,172.0,63666.15,514.60844609375,surf,640.29,122.0,48306.15,19.2087,3.66,471.73974609375,36,"Orlando-Kissimmee-Sanford, FL MSA",surf,20,500,50,15360,0.03,0.03,10
1439,2400.1,528.0,129271.89,1203.76380078125,surf,1900.1,478.0,113911.89,57.00299999999999,14.34,1112.42080078125,28,"Riverside-San Bernardino-Ontario, CA MSA",surf,20,500,50,15360,0.03,0.03,10
1440,4528.77,272.0,132894.11,1295.31714296875,surf,4028.77,222.0,117534.11,120.8631,6.66,1147.79404296875,49,"Nashville-Davidson–Murfreesboro–Franklin, TN MSA",surf,20,500,50,15360,0.03,0.03,10
1441,1255.34,22.0,37250.78,114.64400390625,ultimate,0.0,0.0,6530.779999999999,0.0,0.0,44.64400390624999,23,"Atlanta-Sandy Springs-Roswell, GA MSA",ultimate,70,3000,1000,30720,0.01,0.01,7
1442,225.22,65.0,14448.26,70.0,ultimate,0.0,0.0,0.0,0.0,0.0,0.0,66,"New York-Newark-Jersey City, NY-NJ-PA MSA",ultimate,70,3000,1000,30720,0.01,0.01,7
1443,902.84,24.0,40239.78,275.0518015625,surf,402.84,0.0,24879.78,12.0852,0.0,242.9666015625,58,"Atlanta-Sandy Springs-Roswell, GA MSA",surf,20,500,50,15360,0.03,0.03,10
1444,824.22,255.0,95058.27,814.1800179687501,surf,324.22,205.0,79698.27,9.7266,6.15,778.3034179687501,70,"New Haven-Milford, CT MSA",surf,20,500,50,15360,0.03,0.03,10
1445,2389.18,84.0,79752.38,405.18228515625,ultimate,0.0,0.0,49032.380000000005,0.0,0.0,335.18228515625003,71,"Dallas-Fort Worth-Arlington, TX MSA",ultimate,70,3000,1000,30720,0.01,0.01,7
1446,1344.2,76.0,75366.06,632.1026796875,surf,844.2,26.0,60006.06,25.326,0.78,585.9966796875,52,"Austin-Round Rock-Georgetown, TX MSA",surf,20,500,50,15360,0.03,0.03,10
1447,1174.33,156.0,83725.83,711.04495859375,surf,674.3299999999999,106.0,68365.83,20.2299,3.18,667.63505859375,62,"Orlando-Kissimmee-Sanford, FL MSA",surf,20,500,50,15360,0.03,0.03,10
1448,571.4399999999999,133.0,33266.97,199.50595390625,surf,71.43999999999994,83.0,17906.97,2.143199999999998,2.49,174.87275390625,33,"Urban Honolulu, HI MSA",surf,20,500,50,15360,0.03,0.03,10
1449,830.89,0.0,59040.37,456.49281328125,surf,330.89,0.0,43680.37,9.9267,0.0,426.56611328125,39,"Seattle-Tacoma-Bellevue, WA MSA",surf,20,500,50,15360,0.03,0.03,10
1450,649.1,82.0,17492.24,70.0,ultimate,0.0,0.0,0.0,0.0,0.0,0.0,67,"Bakersfield, CA MSA",ultimate,70,3000,1000,30720,0.01,0.01,7
1451,2266.67,245.0,59059.69,263.728349609375,ultimate,0.0,0.0,28339.69,0.0,0.0,193.72834960937504,53,"Charlotte-Concord-Gastonia, NC-SC MSA",ultimate,70,3000,1000,30720,0.01,0.01,7
1452,34.58,4.0,92.68,20.0,surf,0.0,0.0,0.0,0.0,0.0,0.0,32,"Tucson, AZ MSA",surf,20,500,50,15360,0.03,0.03,10
1453,537.24,86.0,34137.01,93.358466796875,ultimate,0.0,0.0,3417.010000000002,0.0,0.0,23.35846679687501,51,"Los Angeles-Long Beach-Anaheim, CA MSA",ultimate,70,3000,1000,30720,0.01,0.01,7
1454,1252.2,426.0,111062.66,619.21740234375,ultimate,0.0,0.0,80342.66,0.0,0.0,549.21740234375,56,"San Antonio-New Braunfels, TX MSA",ultimate,70,3000,1000,30720,0.01,0.01,7
1455,559.52,77.0,9657.21,22.5956,surf,59.51999999999998,27.0,0.0,1.7855999999999994,0.8099999999999999,0.0,20,"Denver-Aurora-Lakewood, CO MSA",surf,20,500,50,15360,0.03,0.03,10
1456,3014.81,234.0,82518.68000000001,424.24063906250007,ultimate,14.809999999999944,0.0,51798.68000000001,0.1480999999999994,0.0,354.09253906250007,66,"Minneapolis-St. Paul-Bloomington, MN-WI MSA",ultimate,70,3000,1000,30720,0.01,0.01,7
1457,79.36,4.0,13148.93,20.0,surf,0.0,0.0,0.0,0.0,0.0,0.0,47,"New York-Newark-Jersey City, NY-NJ-PA MSA",surf,20,500,50,15360,0.03,0.03,10
1458,865.43,174.0,92087.41,489.503779296875,ultimate,0.0,0.0,61367.41,0.0,0.0,419.503779296875,32,"Detroit-Warren-Dearborn, MI MSA",ultimate,70,3000,1000,30720,0.01,0.01,7
1459,1142.72,0.0,50879.39,207.80833007812495,ultimate,0.0,0.0,20159.39,0.0,0.0,137.80833007812498,40,"San Francisco-Oakland-Berkeley, CA MSA",ultimate,70,3000,1000,30720,0.01,0.01,7
1460,2683.02,339.0,215882.22,1335.75736328125,ultimate,0.0,0.0,185162.22,0.0,0.0,1265.75736328125,46,"Fresno, CA MSA",ultimate,70,3000,1000,30720,0.01,0.01,7
1461,1104.9,0.0,43055.8,308.613796875,surf,604.9000000000001,0.0,27695.800000000003,18.147,0.0,270.466796875,54,"Pittsburgh, PA MSA",surf,20,500,50,15360,0.03,0.03,10
1462,1048.45,204.0,30930.58,71.43951171875001,ultimate,0.0,0.0,210.58000000000172,0.0,0.0,1.439511718750012,20,"Las Vegas-Henderson-Paradise, NV MSA",ultimate,70,3000,1000,30720,0.01,0.01,7
1463,0.0,0.0,0.0,70.0,ultimate,0.0,0.0,0.0,0.0,0.0,0.0,30,"Atlanta-Sandy Springs-Roswell, GA MSA",ultimate,70,3000,1000,30720,0.01,0.01,7
1464,1093.95,58.0,32003.38,200.59150781250003,surf,593.95,8.0,16643.38,17.8185,0.24,162.53300781250002,70,"Providence-Warwick, RI-MA MSA",surf,20,500,50,15360,0.03,0.03,10
1465,4470.48,194.0,103575.17,582.738188671875,ultimate,1470.4799999999996,0.0,72855.17,14.704799999999995,0.0,498.033388671875,73,"Pittsburgh, PA MSA",ultimate,70,3000,1000,30720,0.01,0.01,7
1466,1355.52,320.0,111087.86,988.6079828125,surf,855.52,270.0,95727.86,25.6656,8.1,934.8423828125,56,"Los Angeles-Long Beach-Anaheim, CA MSA",surf,20,500,50,15360,0.03,0.03,10
1467,3450.75,531.0,152169.67,904.7298535156252,ultimate,450.75,0.0,121449.67,4.5075,0.0,830.2223535156251,64,"Atlanta-Sandy Springs-Roswell, GA MSA",ultimate,70,3000,1000,30720,0.01,0.01,7
1468,1674.58,143.0,60551.29,499.34859140625,surf,1174.58,93.0,45191.29,35.237399999999994,2.79,441.32119140625,55,"Denver-Aurora-Lakewood, CO MSA",surf,20,500,50,15360,0.03,0.03,10
1469,290.77,30.0,36110.02,222.63691406249995,surf,0.0,0.0,20750.02,0.0,0.0,202.63691406249995,75,"New York-Newark-Jersey City, NY-NJ-PA MSA",surf,20,500,50,15360,0.03,0.03,10
1470,3838.94,0.0,0.0,120.1682,surf,3338.94,0.0,0.0,100.1682,0.0,0.0,45,"Washington-Arlington-Alexandria, DC-VA-MD-WV MSA",surf,20,500,50,15360,0.03,0.03,10
1471,162.7,50.0,11515.64,20.0,surf,0.0,0.0,0.0,0.0,0.0,0.0,59,"Richmond, VA MSA",surf,20,500,50,15360,0.03,0.03,10
1472,3546.98,247.0,97170.89,916.25387265625,surf,3046.98,197.0,81810.89,91.4094,5.91,798.93447265625,51,"San Francisco-Oakland-Berkeley, CA MSA",surf,20,500,50,15360,0.03,0.03,10
1473,0.0,0.0,0.0,20.0,surf,0.0,0.0,0.0,0.0,0.0,0.0,61,"Louisville/Jefferson County, KY-IN MSA",surf,20,500,50,15360,0.03,0.03,10
1474,1086.99,141.0,84769.98,718.1715359374999,surf,586.99,91.0,69409.98,17.6097,2.73,677.8318359374999,26,"Bakersfield, CA MSA",surf,20,500,50,15360,0.03,0.03,10
1475,1590.88,378.0,90895.04,481.3528125,ultimate,0.0,0.0,60175.03999999999,0.0,0.0,411.3528125,66,"Dallas-Fort Worth-Arlington, TX MSA",ultimate,70,3000,1000,30720,0.01,0.01,7
1476,2533.01,225.0,62354.37,286.250576171875,ultimate,0.0,0.0,31634.370000000003,0.0,0.0,216.25057617187505,24,"Los Angeles-Long Beach-Anaheim, CA MSA",ultimate,70,3000,1000,30720,0.01,0.01,7
1477,635.8,3.0,55610.93,240.152841796875,ultimate,0.0,0.0,24890.93,0.0,0.0,170.152841796875,52,"Riverside-San Bernardino-Ontario, CA MSA",ultimate,70,3000,1000,30720,0.01,0.01,7
1478,1701.68,60.0,82690.64,425.268046875,ultimate,0.0,0.0,51970.64,0.0,0.0,355.268046875,51,"Portland-Vancouver-Hillsboro, OR-WA MSA",ultimate,70,3000,1000,30720,0.01,0.01,7
1479,1578.08,1.0,13902.66,52.3424,surf,1078.08,0.0,0.0,32.3424,0.0,0.0,44,"Riverside-San Bernardino-Ontario, CA MSA",surf,20,500,50,15360,0.03,0.03,10
1480,511.51,51.0,8805.51,20.3753,surf,11.509999999999993,1.0,0.0,0.3452999999999997,0.03,0.0,46,"St. Louis, MO-IL MSA",surf,20,500,50,15360,0.03,0.03,10
1481,33.19,3.0,1265.78,20.0,surf,0.0,0.0,0.0,0.0,0.0,0.0,32,"Urban Honolulu, HI MSA",surf,20,500,50,15360,0.03,0.03,10
1482,786.62,94.0,20806.13,70.0,ultimate,0.0,0.0,0.0,0.0,0.0,0.0,70,"New York-Newark-Jersey City, NY-NJ-PA MSA",ultimate,70,3000,1000,30720,0.01,0.01,7
1483,3284.85,60.0,87973.37,812.96044140625,surf,2784.85,10.0,72613.37,83.54549999999999,0.3,709.11494140625,35,"Chicago-Naperville-Elgin, IL-IN-WI MSA",surf,20,500,50,15360,0.03,0.03,10
1484,402.66,84.0,7294.519999999999,21.02,surf,0.0,34.0,0.0,0.0,1.02,0.0,46,"Dallas-Fort Worth-Arlington, TX MSA",surf,20,500,50,15360,0.03,0.03,10
1485,309.66,24.0,19484.73,60.28056640625,surf,0.0,0.0,4124.73,0.0,0.0,40.28056640625,67,"Nashville-Davidson–Murfreesboro–Franklin, TN MSA",surf,20,500,50,15360,0.03,0.03,10
1486,326.41,10.0,20312.83,68.36748046875002,surf,0.0,0.0,4952.830000000002,0.0,0.0,48.36748046875002,29,"Orlando-Kissimmee-Sanford, FL MSA",surf,20,500,50,15360,0.03,0.03,10
1487,392.71,66.0,13992.39,70.0,ultimate,0.0,0.0,0.0,0.0,0.0,0.0,18,"Cape Coral-Fort Myers, FL MSA",ultimate,70,3000,1000,30720,0.01,0.01,7
1488,4910.6,0.0,165767.74,1621.1435859375,surf,4410.6,0.0,150407.74,132.318,0.0,1468.8255859375,29,"Baton Rouge, LA MSA",surf,20,500,50,15360,0.03,0.03,10
1489,1569.54,320.0,60995.75,505.84782109375,surf,1069.54,270.0,45635.75,32.0862,8.1,445.66162109375,72,"Detroit-Warren-Dearborn, MI MSA",surf,20,500,50,15360,0.03,0.03,10
1490,2123.33,0.0,190904.51,1165.011298828125,ultimate,0.0,0.0,160184.51,0.0,0.0,1095.011298828125,42,"Sacramento–Roseville–Folsom, CA MSA",ultimate,70,3000,1000,30720,0.01,0.01,7
1491,3333.51,409.0,63050.67,581.50449921875,surf,2833.51,359.0,47690.67,85.0053,10.77,465.72919921875,22,"Grand Rapids-Kentwood, MI MSA",surf,20,500,50,15360,0.03,0.03,10
1492,1003.46,108.0,40823.96,285.515284375,surf,503.46,58.0,25463.96,15.1038,1.74,248.671484375,63,"Portland-Vancouver-Hillsboro, OR-WA MSA",surf,20,500,50,15360,0.03,0.03,10
1493,2197.37,0.0,76378.43,382.11817382812495,ultimate,0.0,0.0,45658.42999999999,0.0,0.0,312.1181738281249,18,"Boston-Cambridge-Newton, MA-NH MSA",ultimate,70,3000,1000,30720,0.01,0.01,7
1494,2672.66,174.0,91389.19,831.37235859375,surf,2172.66,124.0,76029.19,65.1798,3.72,742.47255859375,70,"New York-Newark-Jersey City, NY-NJ-PA MSA",surf,20,500,50,15360,0.03,0.03,10
1495,1666.41,0.0,98890.96,870.7243312500001,surf,1166.41,0.0,83530.96,34.9923,0.0,815.7320312500001,67,"New York-Newark-Jersey City, NY-NJ-PA MSA",surf,20,500,50,15360,0.03,0.03,10
1496,1376.21,65.0,64268.64,524.3597375,surf,876.21,15.0,48908.64,26.2863,0.4499999999999999,477.6234375,49,"New Orleans-Metairie, LA MSA",surf,20,500,50,15360,0.03,0.03,10
1497,276.53,50.0,11106.55,70.0,ultimate,0.0,0.0,0.0,0.0,0.0,0.0,49,"Los Angeles-Long Beach-Anaheim, CA MSA",ultimate,70,3000,1000,30720,0.01,0.01,7
1498,3029.97,0.0,227525.13,2167.82419765625,surf,2529.97,0.0,212165.13,75.89909999999999,0.0,2071.92509765625,51,"New York-Newark-Jersey City, NY-NJ-PA MSA",surf,20,500,50,15360,0.03,0.03,10
1499,1450.31,0.0,71350.23,595.28888984375,surf,950.31,0.0,55990.23,28.5093,0.0,546.7795898437499,37,"Orlando-Kissimmee-Sanford, FL MSA",surf,20,500,50,15360,0.03,0.03,10
